Frame_Number,Time,TouchLeft,TouchRight,Box_FencerID1,Box_FencerID2,SkeletonID1,SkeletonID2
0,0.0,0,0,"1212,803,1443,1346","2255,824,2480,1353","1355,868;1342,915;1369,994;1432,1026;1308,1046;1323,1169;1314,1303;1292,908;1257,988;1279,1076;1261,1042;1295,1165;1298,1304","2347,908;2329,966;2319,1043;2248,1035;2346,1102;2331,1201;2392,1310;2414,956;2444,1034;2360,1064;2412,1102;2363,1207;2392,1312"
1,0.008341666666666667,0,0,"1211,802,1440,1339","2252,830,2475,1353","1352,870;1343,917;1367,994;1434,1024;1310,1048;1327,1166;1313,1300;1289,912;1262,991;1293,1071;1264,1044;1304,1162;1297,1302","2344,907;2328,965;2317,1043;2244,1035;2345,1102;2328,1202;2389,1311;2412,955;2442,1035;2355,1068;2411,1101;2363,1206;2392,1313"
2,0.016683333333333335,0,0,"1213,802,1441,1338","2248,825,2472,1352","1351,870;1344,916;1368,992;1428,1025;1314,1049;1326,1170;1314,1300;1289,913;1260,993;1281,1082;1267,1044;1306,1164;1307,1303","2342,907;2326,966;2315,1046;2241,1036;2345,1103;2326,1200;2387,1312;2409,955;2439,1034;2350,1065;2410,1102;2361,1206;2391,1314"
3,0.025025000000000002,0,0,"1211,802,1439,1338","2246,824,2471,1352","1357,868;1342,914;1366,992;1427,1024;1308,1045;1324,1169;1312,1299;1296,907;1262,986;1286,1070;1264,1040;1303,1163;1305,1301","2339,907;2323,966;2314,1047;2239,1035;2341,1102;2319,1198;2380,1311;2407,955;2438,1033;2348,1064;2407,1102;2361,1206;2395,1312"
4,0.03336666666666667,0,0,"1209,801,1437,1340","2246,819,2474,1353","1357,867;1343,912;1366,990;1425,1024;1309,1044;1323,1170;1312,1302;1297,906;1263,985;1286,1071;1266,1039;1304,1164;1307,1303","2335,905;2321,965;2313,1048;2237,1037;2339,1101;2312,1197;2367,1310;2405,953;2437,1031;2349,1064;2406,1101;2366,1206;2398,1311"
5,0.04170833333333333,0,0,"1212,803,1440,1341","2245,820,2473,1354","1360,868;1346,914;1370,993;1431,1025;1311,1046;1325,1169;1311,1301;1299,907;1264,985;1288,1067;1266,1040;1307,1164;1309,1302","2333,904;2318,965;2310,1048;2234,1038;2335,1100;2308,1196;2360,1308;2404,953;2435,1032;2350,1066;2403,1100;2366,1207;2398,1309"
6,0.050050000000000004,0,0,"1214,802,1444,1345","2242,824,2467,1353","1360,868;1348,913;1373,993;1433,1027;1315,1046;1326,1172;1315,1304;1299,908;1267,987;1291,1075;1270,1041;1310,1166;1314,1304","2332,906;2316,966;2308,1046;2233,1035;2331,1099;2301,1196;2349,1307;2402,954;2432,1033;2346,1068;2399,1100;2365,1205;2397,1308"
7,0.05839166666666667,0,0,"1216,802,1447,1346","2235,831,2457,1354","1360,868;1348,914;1374,993;1434,1027;1315,1047;1325,1173;1313,1304;1299,909;1267,989;1288,1080;1270,1042;1310,1167;1316,1305","2326,908;2315,967;2305,1048;2226,1037;2331,1099;2294,1196;2340,1310;2398,955;2428,1032;2337,1071;2398,1099;2365,1204;2398,1310"
8,0.06673333333333334,0,0,"1218,802,1449,1346","2230,835,2451,1355","1362,868;1351,914;1377,994;1435,1028;1319,1048;1326,1174;1314,1305;1302,909;1269,992;1286,1087;1274,1043;1311,1168;1318,1305","2320,909;2312,968;2304,1047;2222,1036;2330,1098;2289,1196;2329,1311;2394,955;2427,1031;2340,1070;2398,1098;2366,1205;2396,1312"
9,0.075075,0,0,"1217,802,1449,1347","2227,836,2448,1353","1360,867;1349,913;1376,994;1436,1029;1317,1047;1327,1173;1316,1305;1300,908;1269,990;1291,1082;1272,1042;1310,1167;1317,1306","2319,909;2310,967;2302,1047;2221,1037;2328,1097;2286,1194;2323,1310;2393,955;2425,1031;2339,1071;2396,1097;2365,1204;2394,1311"
10,0.08341666666666667,0,0,"1218,804,1448,1348","2224,839,2444,1352","1360,867;1354,911;1380,991;1434,1027;1322,1045;1326,1174;1313,1304;1301,907;1268,988;1281,1082;1276,1039;1314,1166;1321,1305","2316,907;2311,965;2303,1045;2220,1038;2328,1095;2281,1193;2312,1311;2389,953;2421,1029;2332,1070;2393,1095;2364,1203;2394,1312"
11,0.09175833333333333,0,0,"1218,806,1448,1349","2227,843,2444,1351","1362,867;1356,913;1381,993;1437,1029;1322,1047;1329,1173;1314,1305;1302,908;1270,990;1284,1082;1277,1041;1315,1167;1321,1306","2314,907;2307,966;2300,1045;2220,1038;2322,1095;2275,1194;2301,1310;2388,953;2418,1029;2335,1071;2388,1095;2367,1204;2396,1311"
12,0.10010000000000001,0,0,"1221,804,1451,1350","2226,844,2444,1353","1361,867;1355,913;1382,993;1438,1028;1324,1047;1330,1174;1317,1306;1302,908;1272,990;1289,1083;1278,1041;1317,1168;1324,1306","2316,910;2309,969;2297,1045;2218,1039;2324,1094;2272,1186;2287,1306;2387,954;2415,1026;2330,1066;2388,1093;2368,1198;2400,1305"
13,0.10844166666666667,0,0,"1223,803,1454,1350","2223,844,2443,1354","1363,868;1356,914;1383,994;1440,1028;1323,1049;1330,1175;1318,1306;1304,909;1272,992;1291,1084;1278,1043;1317,1170;1323,1307","2314,909;2307,968;2293,1045;2215,1038;2321,1094;2268,1186;2280,1303;2384,954;2410,1026;2325,1067;2383,1094;2365,1198;2398,1303"
14,0.11678333333333334,0,0,"1225,804,1456,1351","2217,841,2439,1353","1362,868;1355,915;1384,995;1442,1029;1325,1049;1333,1173;1321,1305;1303,910;1273,993;1296,1084;1279,1044;1316,1169;1322,1306","2309,903;2303,963;2293,1042;2214,1039;2318,1094;2267,1193;2277,1310;2383,951;2412,1028;2337,1072;2382,1094;2366,1203;2390,1310"
15,0.12512500000000001,0,0,"1226,803,1457,1351","2214,842,2437,1352","1364,868;1356,915;1384,994;1444,1028;1325,1048;1335,1173;1320,1305;1303,909;1273,990;1299,1076;1279,1043;1318,1168;1322,1306","2307,904;2301,964;2290,1043;2212,1039;2314,1096;2262,1195;2268,1309;2380,952;2408,1029;2335,1072;2378,1096;2365,1206;2389,1309"
16,0.13346666666666668,0,0,"1227,801,1457,1350","2211,840,2437,1353","1364,869;1355,916;1381,995;1443,1027;1326,1049;1337,1172;1321,1305;1302,911;1272,990;1304,1072;1278,1045;1318,1168;1320,1307","2306,904;2299,964;2287,1044;2210,1040;2312,1095;2259,1194;2260,1309;2379,952;2407,1029;2336,1072;2376,1095;2365,1205;2389,1309"
17,0.14180833333333334,0,0,"1228,801,1459,1350","2206,837,2436,1353","1365,870;1357,917;1384,995;1444,1026;1327,1050;1337,1173;1322,1304;1304,912;1273,992;1301,1076;1279,1046;1319,1169;1321,1306","2304,904;2299,966;2283,1045;2203,1041;2312,1098;2255,1195;2254,1312;2377,952;2405,1029;2328,1074;2375,1097;2365,1207;2390,1311"
18,0.15015,0,0,"1230,803,1460,1350","2201,838,2434,1352","1365,870;1357,917;1385,995;1447,1026;1328,1050;1339,1171;1324,1304;1305,911;1276,992;1308,1075;1281,1046;1321,1168;1324,1306","2303,904;2300,965;2282,1044;2200,1039;2314,1097;2254,1194;2248,1311;2375,952;2402,1029;2326,1074;2376,1097;2366,1206;2392,1310"
19,0.15849166666666667,0,0,"1231,804,1461,1350","2197,837,2431,1351","1365,870;1355,916;1382,994;1447,1026;1327,1046;1340,1169;1324,1304;1305,911;1277,988;1317,1065;1280,1043;1324,1165;1325,1307","2300,904;2297,965;2278,1042;2198,1039;2310,1096;2251,1193;2241,1311;2372,953;2398,1029;2325,1075;2371,1096;2365,1205;2392,1310"
20,0.16683333333333333,0,0,"1231,803,1461,1350","2193,839,2430,1350","1366,870;1356,917;1381,994;1447,1024;1328,1046;1343,1169;1327,1304;1306,911;1279,987;1323,1062;1282,1043;1328,1164;1326,1307","2298,902;2295,964;2275,1041;2194,1037;2309,1096;2246,1193;2232,1312;2371,951;2397,1028;2323,1075;2370,1096;2365,1205;2392,1310"
21,0.175175,0,0,"1231,804,1462,1350","2192,840,2432,1349","1364,868;1353,915;1380,994;1448,1024;1328,1046;1344,1168;1327,1304;1305,909;1282,988;1335,1061;1283,1043;1330,1164;1325,1307","2296,903;2293,967;2273,1044;2193,1041;2306,1099;2243,1194;2226,1312;2369,953;2394,1030;2322,1076;2367,1099;2365,1206;2392,1310"
22,0.18351666666666666,0,0,"1232,804,1463,1350","2188,843,2431,1349","1365,869;1356,917;1382,994;1449,1024;1330,1046;1344,1168;1327,1305;1306,910;1281,988;1329,1060;1284,1043;1330,1164;1325,1308","2294,904;2290,968;2267,1044;2188,1039;2303,1100;2241,1193;2222,1313;2367,954;2393,1031;2324,1075;2364,1099;2364,1205;2390,1309"
23,0.19185833333333333,0,0,"1231,804,1463,1351","2182,846,2429,1348","1366,870;1356,918;1380,994;1450,1022;1330,1045;1349,1165;1328,1303;1305,911;1283,985;1343,1046;1284,1043;1335,1161;1327,1306","2291,906;2288,968;2265,1044;2185,1038;2303,1099;2240,1191;2218,1311;2362,955;2389,1032;2321,1077;2362,1099;2362,1203;2390,1307"
24,0.20020000000000002,0,0,"1232,801,1466,1352","2178,845,2428,1348","1367,870;1357,919;1380,996;1450,1025;1332,1046;1350,1165;1329,1301;1305,911;1280,987;1336,1053;1284,1044;1334,1162;1328,1304","2289,906;2287,969;2263,1045;2181,1040;2301,1101;2234,1192;2210,1313;2360,956;2387,1033;2316,1080;2360,1101;2361,1205;2393,1309"
25,0.20854166666666668,0,0,"1230,801,1465,1352","2171,843,2428,1350","1368,870;1360,918;1383,994;1452,1025;1332,1045;1349,1164;1325,1299;1305,911;1279,986;1335,1052;1284,1042;1337,1161;1328,1302","2280,903;2283,967;2257,1039;2173,1040;2302,1100;2236,1193;2209,1313;2351,953;2381,1024;2325,1074;2360,1099;2360,1211;2386,1314"
26,0.21688333333333334,0,0,"1231,801,1466,1352","2165,840,2426,1350","1368,871;1361,921;1382,995;1453,1024;1334,1047;1353,1165;1329,1299;1304,913;1278,987;1336,1049;1283,1044;1336,1162;1327,1302","2286,906;2285,969;2260,1044;2180,1039;2298,1101;2231,1193;2203,1311;2357,957;2381,1035;2314,1077;2355,1102;2361,1205;2398,1308"
27,0.225225,0,0,"1230,800,1466,1352","2159,840,2424,1350","1371,873;1364,922;1382,996;1453,1024;1336,1047;1356,1163;1332,1297;1305,913;1276,987;1329,1051;1284,1044;1336,1160;1329,1301","2283,907;2282,971;2256,1044;2176,1039;2296,1103;2228,1195;2200,1313;2354,958;2377,1036;2309,1079;2351,1104;2359,1207;2397,1310"
28,0.23356666666666667,0,0,"1231,800,1468,1352","2155,839,2423,1349","1369,871;1360,924;1380,1000;1456,1024;1336,1051;1363,1163;1340,1298;1303,913;1279,989;1348,1044;1284,1050;1334,1163;1322,1302","2281,907;2280,971;2253,1045;2173,1040;2294,1103;2226,1195;2196,1314;2351,959;2373,1037;2306,1081;2348,1104;2357,1207;2396,1311"
29,0.24190833333333334,0,0,"1233,800,1471,1352","2151,842,2423,1349","1369,871;1363,925;1385,1000;1461,1024;1337,1052;1364,1163;1343,1298;1303,914;1277,991;1342,1048;1284,1051;1333,1163;1325,1302","2277,909;2277,968;2244,1039;2164,1040;2293,1102;2223,1199;2190,1312;2343,960;2368,1038;2302,1085;2344,1102;2355,1209;2397,1311"
30,0.25025000000000003,0,0,"1234,800,1474,1353","2150,848,2422,1349","1370,867;1363,921;1385,999;1464,1024;1337,1051;1367,1163;1345,1296;1304,910;1279,989;1350,1045;1284,1050;1334,1163;1323,1300","2273,910;2273,970;2238,1041;2158,1039;2290,1104;2220,1199;2186,1313;2339,961;2364,1038;2300,1084;2341,1103;2355,1210;2398,1311"
31,0.25859166666666666,0,0,"1236,800,1479,1354","2148,847,2424,1350","1369,867;1364,921;1388,999;1467,1026;1339,1051;1369,1163;1347,1297;1303,911;1280,990;1353,1047;1286,1050;1337,1164;1325,1301","2271,910;2270,970;2234,1040;2154,1037;2286,1105;2217,1200;2184,1314;2336,962;2361,1038;2298,1085;2338,1105;2354,1212;2396,1313"
32,0.26693333333333336,0,0,"1240,800,1485,1356","2145,851,2423,1349","1371,871;1365,923;1389,999;1470,1029;1339,1051;1368,1163;1344,1297;1304,913;1280,990;1355,1050;1285,1049;1338,1164;1326,1301","2265,909;2264,971;2235,1039;2153,1041;2282,1103;2218,1198;2189,1316;2334,959;2359,1028;2306,1080;2340,1101;2347,1216;2380,1315"
33,0.275275,0,0,"1239,799,1487,1354","2143,856,2422,1349","1374,871;1366,924;1389,1000;1471,1026;1342,1053;1373,1164;1350,1293;1307,915;1284,992;1362,1049;1289,1052;1340,1164;1328,1298","2267,913;2264,972;2228,1041;2150,1039;2281,1106;2213,1201;2184,1314;2332,965;2355,1038;2294,1085;2332,1105;2350,1213;2395,1313"
34,0.2836166666666667,0,0,"1239,798,1489,1354","2139,853,2423,1350","1375,870;1366,924;1388,1000;1473,1025;1342,1052;1376,1163;1352,1294;1309,914;1286,990;1373,1044;1289,1051;1344,1164;1327,1299","2264,913;2261,973;2226,1042;2149,1041;2277,1106;2210,1201;2183,1315;2330,965;2353,1038;2292,1085;2329,1106;2347,1214;2394,1315"
35,0.2919583333333333,0,0,"1238,798,1489,1354","2134,853,2421,1350","1372,870;1365,924;1389,1001;1472,1025;1345,1054;1379,1163;1358,1293;1306,914;1286,993;1369,1046;1291,1054;1340,1165;1326,1298","2260,912;2257,972;2223,1042;2144,1041;2273,1106;2206,1200;2181,1315;2327,964;2352,1038;2289,1085;2327,1105;2344,1213;2391,1315"
36,0.3003,0,0,"1237,799,1488,1352","2130,857,2417,1349","1374,869;1367,925;1391,1003;1475,1025;1347,1057;1383,1165;1360,1294;1307,915;1287,995;1375,1047;1293,1057;1340,1168;1319,1299","2257,913;2254,973;2220,1043;2141,1041;2270,1106;2203,1200;2180,1316;2324,964;2350,1038;2287,1085;2325,1105;2341,1214;2388,1315"
37,0.30864166666666665,0,0,"1237,799,1489,1351","2127,858,2415,1348","1375,869;1370,926;1393,1004;1477,1025;1349,1057;1387,1163;1368,1294;1307,915;1284,996;1367,1051;1293,1057;1338,1168;1318,1298","2253,913;2250,973;2218,1044;2138,1042;2266,1106;2199,1200;2178,1315;2321,964;2347,1037;2283,1084;2322,1105;2337,1214;2385,1315"
38,0.31698333333333334,0,0,"1239,801,1492,1350","2123,858,2413,1348","1376,868;1371,927;1394,1006;1481,1026;1351,1059;1392,1164;1374,1294;1309,915;1289,996;1382,1045;1296,1060;1343,1169;1318,1299","2248,911;2246,972;2215,1045;2136,1043;2264,1105;2197,1198;2177,1315;2317,962;2344,1036;2280,1083;2319,1104;2335,1213;2386,1315"
39,0.32532500000000003,0,0,"1238,800,1493,1350","2122,858,2414,1348","1378,867;1372,926;1394,1006;1480,1026;1353,1058;1393,1163;1376,1296;1308,914;1287,997;1374,1050;1296,1059;1342,1169;1320,1301","2246,912;2244,973;2212,1046;2134,1044;2261,1106;2195,1199;2175,1314;2314,964;2339,1037;2278,1085;2315,1105;2334,1214;2384,1314"
40,0.33366666666666667,0,0,"1238,800,1493,1351","2117,854,2413,1348","1378,866;1372,927;1394,1007;1481,1025;1354,1060;1395,1164;1376,1296;1309,915;1289,997;1382,1045;1297,1061;1343,1171;1318,1301","2238,911;2240,973;2209,1046;2129,1043;2259,1105;2192,1198;2176,1314;2306,962;2335,1037;2271,1086;2313,1105;2329,1213;2382,1314"
41,0.34200833333333336,0,0,"1238,798,1495,1350","2114,851,2413,1349","1381,867;1375,925;1398,1005;1484,1026;1356,1058;1395,1163;1379,1297;1309,914;1285,997;1370,1054;1297,1058;1340,1169;1320,1300","2237,911;2238,972;2207,1046;2127,1043;2257,1104;2190,1198;2176,1313;2305,962;2333,1037;2269,1088;2311,1104;2326,1213;2379,1313"
42,0.35035,0,0,"1237,797,1496,1351","2112,849,2415,1350","1381,866;1376,925;1399,1005;1484,1026;1357,1057;1398,1162;1384,1295;1309,913;1285,997;1367,1056;1298,1058;1338,1168;1319,1299","2233,911;2235,972;2204,1046;2123,1043;2255,1105;2188,1198;2174,1314;2302,962;2333,1039;2268,1092;2309,1105;2324,1214;2378,1314"
43,0.3586916666666667,0,0,"1238,796,1497,1350","2109,843,2415,1351","1383,865;1377,924;1398,1005;1487,1026;1357,1055;1400,1161;1385,1297;1311,911;1288,994;1378,1051;1298,1056;1344,1167;1321,1301","2229,911;2231,973;2201,1047;2122,1043;2252,1106;2186,1197;2175,1315;2298,962;2328,1038;2264,1087;2306,1105;2321,1214;2378,1314"
44,0.3670333333333333,0,0,"1239,795,1500,1351","2108,846,2413,1351","1385,865;1380,923;1401,1005;1488,1028;1361,1055;1401,1161;1386,1299;1311,911;1286,996;1368,1058;1300,1055;1341,1167;1321,1301","2225,911;2229,971;2198,1045;2119,1043;2250,1104;2184,1197;2174,1313;2294,961;2326,1036;2263,1086;2304,1103;2318,1213;2375,1313"
45,0.375375,0,0,"1242,795,1504,1351","2107,846,2413,1351","1391,858;1382,918;1397,1005;1492,1024;1365,1054;1410,1161;1390,1299;1314,905;1290,989;1385,1048;1303,1054;1348,1169;1322,1303","2222,912;2226,973;2194,1046;2113,1040;2248,1106;2181,1198;2173,1313;2290,962;2323,1038;2257,1086;2302,1105;2316,1215;2374,1313"
46,0.38371666666666665,0,0,"1246,797,1510,1352","2106,851,2410,1352","1390,859;1382,919;1403,1005;1500,1021;1366,1056;1413,1163;1397,1298;1316,906;1296,990;1399,1044;1306,1057;1349,1172;1319,1302","2217,911;2222,972;2190,1046;2109,1041;2245,1105;2179,1198;2175,1313;2287,961;2322,1037;2256,1087;2301,1104;2312,1216;2370,1314"
47,0.39205833333333334,0,0,"1248,796,1514,1353","2102,852,2404,1352","1393,856;1383,916;1404,1004;1503,1020;1366,1054;1417,1163;1403,1302;1318,903;1296,987;1403,1044;1306,1055;1350,1173;1315,1305","2216,913;2220,974;2187,1047;2106,1040;2242,1106;2178,1200;2174,1313;2286,963;2320,1038;2256,1088;2298,1105;2311,1216;2362,1314"
48,0.40040000000000003,0,0,"1248,798,1513,1350","2100,849,2403,1352","1391,857;1384,918;1405,1006;1502,1021;1368,1055;1419,1164;1409,1302;1316,905;1294,989;1394,1047;1307,1055;1350,1173;1317,1306","2213,913;2219,975;2185,1047;2103,1038;2240,1108;2176,1202;2174,1313;2284,963;2318,1040;2251,1091;2296,1107;2310,1218;2360,1315"
49,0.40874166666666667,0,0,"1249,797,1514,1348","2095,848,2397,1353","1393,857;1385,918;1406,1005;1504,1021;1368,1056;1422,1164;1413,1301;1319,904;1297,989;1400,1046;1309,1056;1350,1174;1315,1304","2209,914;2215,976;2181,1049;2100,1038;2238,1108;2176,1202;2176,1314;2281,963;2315,1040;2251,1089;2294,1106;2306,1217;2349,1317"
50,0.41708333333333336,0,0,"1248,797,1514,1348","2093,848,2392,1353","1395,858;1388,920;1409,1007;1505,1022;1370,1056;1423,1162;1418,1299;1319,905;1294,990;1391,1050;1309,1056;1350,1172;1318,1303","2205,916;2211,978;2176,1050;2095,1039;2233,1109;2173,1202;2175,1313;2277,965;2313,1042;2248,1090;2290,1107;2301,1216;2338,1316"
51,0.425425,0,0,"1249,801,1515,1349","2094,857,2387,1353","1392,858;1387,921;1409,1008;1506,1021;1370,1058;1426,1161;1424,1299;1318,906;1296,990;1395,1047;1311,1058;1349,1172;1316,1303","2200,919;2207,981;2172,1052;2092,1041;2230,1110;2171,1201;2174,1313;2273,967;2311,1043;2249,1090;2287,1108;2298,1216;2333,1316"
52,0.4337666666666667,0,0,"1251,801,1520,1350","2094,864,2384,1353","1393,859;1388,921;1413,1007;1510,1019;1371,1056;1429,1162;1432,1302;1320,906;1298,989;1398,1047;1313,1057;1351,1174;1313,1305","2198,918;2203,980;2170,1052;2091,1040;2225,1110;2167,1200;2172,1313;2270,967;2309,1043;2247,1089;2284,1109;2292,1216;2327,1317"
53,0.4421083333333333,0,0,"1253,803,1522,1349","2096,869,2382,1353","1393,859;1390,921;1416,1008;1512,1020;1374,1058;1431,1163;1437,1302;1320,907;1300,991;1397,1053;1315,1058;1350,1174;1315,1305","2195,921;2194,981;2173,1051;2089,1048;2217,1108;2161,1199;2171,1315;2271,967;2307,1040;2248,1095;2281,1105;2280,1218;2320,1316"
54,0.45045,0,0,"1254,805,1523,1347","2095,866,2381,1350","1394,858;1390,920;1416,1009;1514,1020;1374,1057;1434,1163;1441,1302;1322,906;1303,990;1407,1048;1317,1058;1354,1175;1316,1305","2193,919;2191,979;2171,1050;2085,1045;2214,1108;2156,1200;2170,1315;2271,966;2308,1040;2244,1097;2281,1106;2277,1219;2318,1317"
55,0.45879166666666665,0,0,"1256,809,1524,1346","2091,863,2380,1352","1396,867;1393,926;1421,1007;1511,1024;1373,1056;1432,1162;1448,1303;1325,912;1303,995;1386,1060;1317,1056;1352,1172;1320,1304","2188,924;2190,987;2164,1062;2083,1055;2211,1115;2152,1201;2163,1316;2263,970;2300,1048;2232,1099;2272,1113;2276,1219;2328,1319"
56,0.46713333333333334,0,0,"1257,810,1526,1345","2089,861,2380,1352","1401,872;1396,924;1428,1003;1504,1027;1375,1058;1432,1168;1455,1302;1333,919;1310,996;1379,1060;1323,1059;1345,1174;1322,1300","2187,920;2188,982;2159,1057;2072,1042;2211,1112;2148,1205;2161,1317;2265,968;2304,1049;2232,1108;2276,1112;2282,1221;2326,1321"
57,0.475475,0,0,"1257,811,1527,1345","2086,860,2377,1353","1405,864;1396,922;1424,1009;1522,1022;1374,1056;1439,1163;1455,1301;1331,908;1309,990;1404,1055;1320,1056;1355,1174;1314,1304","2184,922;2184,984;2155,1057;2069,1041;2207,1114;2145,1205;2158,1318;2260,971;2299,1051;2225,1108;2271,1114;2277,1221;2325,1321"
58,0.4838166666666667,0,0,"1258,813,1529,1346","2082,858,2374,1352","1402,864;1398,922;1428,1008;1524,1021;1378,1058;1439,1166;1456,1301;1329,910;1307,994;1396,1064;1322,1057;1353,1176;1314,1304","2180,926;2181,987;2153,1059;2067,1044;2205,1115;2141,1206;2154,1317;2256,973;2295,1052;2221,1109;2268,1115;2275,1222;2327,1321"
59,0.49215833333333336,0,0,"1258,813,1530,1346","2078,864,2367,1351","1405,865;1402,923;1432,1009;1526,1023;1381,1059;1440,1167;1456,1301;1331,910;1309,995;1394,1064;1324,1058;1353,1177;1315,1304","2174,929;2178,989;2146,1058;2058,1044;2203,1115;2138,1207;2150,1317;2250,976;2289,1054;2217,1115;2265,1115;2274,1223;2329,1321"
60,0.5005000000000001,0,0,"1257,815,1530,1346","2072,870,2361,1351","1404,865;1404,924;1433,1008;1524,1022;1385,1061;1441,1169;1457,1302;1329,912;1306,999;1383,1074;1325,1060;1351,1179;1315,1305","2171,932;2174,991;2140,1057;2053,1042;2200,1116;2134,1206;2143,1316;2244,978;2283,1056;2213,1119;2260,1115;2272,1222;2328,1320"
61,0.5088416666666666,0,0,"1258,818,1532,1346","2061,872,2353,1351","1406,865;1405,923;1432,1008;1524,1023;1384,1059;1443,1168;1459,1303;1332,911;1309,997;1388,1073;1326,1058;1353,1178;1314,1306","2164,935;2174,996;2134,1061;2048,1039;2203,1120;2134,1203;2138,1316;2236,982;2278,1056;2212,1107;2259,1119;2278,1223;2336,1319"
62,0.5171833333333333,0,0,"1259,816,1534,1344","2053,872,2349,1351","1408,864;1403,922;1434,1008;1531,1023;1381,1059;1443,1167;1457,1302;1334,910;1314,996;1404,1066;1325,1058;1356,1177;1315,1305","2160,939;2169,1001;2126,1064;2041,1037;2198,1123;2129,1204;2131,1315;2230,985;2270,1058;2205,1105;2252,1122;2276,1224;2336,1317"
63,0.525525,0,0,"1259,814,1536,1344","2046,874,2346,1351","1408,865;1406,924;1438,1009;1531,1022;1384,1062;1443,1168;1458,1303;1334,912;1314,999;1396,1069;1328,1061;1355,1178;1317,1305","2156,940;2165,1001;2118,1063;2031,1033;2197,1124;2127,1203;2128,1317;2228,985;2268,1055;2204,1099;2251,1122;2275,1224;2336,1319"
64,0.5338666666666667,0,0,"1259,812,1539,1345","2041,874,2345,1351","1411,866;1409,925;1439,1010;1533,1023;1386,1061;1445,1167;1461,1303;1337,912;1315,998;1396,1069;1329,1059;1358,1177;1317,1305","2149,944;2161,1004;2115,1064;2028,1034;2194,1124;2121,1205;2121,1317;2220,987;2259,1054;2197,1099;2246,1122;2276,1225;2339,1319"
65,0.5422083333333333,0,0,"1259,815,1539,1345","2033,876,2342,1350","1413,868;1413,926;1443,1009;1533,1023;1391,1062;1446,1169;1461,1303;1337,914;1313,999;1384,1073;1331,1060;1356,1178;1318,1306","2142,945;2154,1005;2108,1063;2023,1032;2190,1124;2117,1204;2116,1318;2212,988;2252,1052;2194,1093;2241,1121;2273,1224;2339,1319"
66,0.55055,0,0,"1259,814,1541,1346","2026,875,2340,1350","1415,867;1413,925;1442,1009;1534,1022;1390,1061;1448,1169;1461,1303;1341,913;1318,998;1396,1067;1332,1059;1361,1178;1320,1306","2138,949;2153,1007;2103,1063;2016,1031;2188,1123;2113,1206;2111,1320;2207,988;2243,1050;2178,1091;2236,1120;2270,1224;2339,1321"
67,0.5588916666666667,0,0,"1260,813,1544,1346","2022,874,2342,1350","1415,868;1413,927;1444,1010;1536,1023;1392,1063;1449,1170;1461,1304;1342,914;1319,999;1401,1065;1334,1062;1361,1179;1318,1306","2136,951;2153,1009;2102,1064;2015,1029;2188,1124;2109,1206;2103,1320;2202,990;2235,1049;2171,1089;2232,1121;2272,1224;2344,1320"
68,0.5672333333333334,0,0,"1263,812,1550,1347","2023,876,2344,1348","1420,870;1415,929;1447,1011;1543,1022;1391,1062;1451,1168;1463,1303;1345,915;1322,997;1406,1061;1334,1061;1364,1178;1320,1306","2132,952;2146,1009;2100,1062;2019,1029;2183,1124;2108,1205;2103,1318;2199,989;2234,1046;2181,1080;2228,1120;2272,1224;2342,1320"
69,0.5755750000000001,0,0,"1265,812,1554,1347","2019,877,2343,1346","1422,871;1418,929;1450,1010;1546,1022;1394,1062;1453,1168;1465,1303;1347,916;1321,997;1403,1062;1335,1061;1363,1179;1321,1305","2133,950;2140,1008;2086,1060;2008,1031;2172,1126;2096,1203;2090,1330;2193,987;2227,1044;2178,1075;2217,1120;2257,1225;2346,1325"
70,0.5839166666666666,0,0,"1268,816,1557,1347","2016,879,2343,1346","1426,878;1420,934;1456,1010;1548,1027;1393,1068;1452,1169;1465,1300;1351,925;1327,1008;1402,1075;1337,1067;1361,1175;1322,1299","2123,955;2132,1009;2077,1056;2001,1028;2172,1124;2097,1204;2092,1329;2185,989;2224,1039;2190,1068;2218,1118;2263,1224;2349,1324"
71,0.5922583333333333,0,0,"1268,815,1560,1347","2010,879,2343,1346","1428,882;1422,934;1461,1008;1539,1028;1394,1067;1451,1171;1468,1300;1358,928;1331,1004;1393,1067;1341,1067;1358,1178;1326,1299","2112,958;2121,1010;2062,1051;1985,1027;2168,1123;2098,1206;2095,1328;2178,990;2221,1034;2196,1059;2218,1116;2261,1225;2349,1323"
72,0.6006,0,0,"1269,813,1564,1346","1997,882,2334,1348","1431,879;1423,932;1459,1006;1554,1027;1390,1063;1452,1167;1462,1302;1354,922;1326,1001;1404,1064;1334,1061;1368,1172;1326,1300","2105,957;2114,1010;2062,1046;1988,1010;2164,1126;2100,1205;2104,1316;2176,990;2223,1032;2206,1049;2219,1118;2264,1223;2334,1314"
73,0.6089416666666667,0,0,"1271,811,1570,1345","1985,881,2331,1348","1432,876;1424,930;1454,1005;1552,1022;1393,1063;1455,1171;1463,1302;1354,920;1327,1000;1407,1067;1336,1060;1371,1174;1322,1304","2098,961;2105,1012;2047,1042;1972,1007;2160,1127;2099,1206;2103,1317;2172,994;2222,1029;2215,1042;2218,1119;2262,1224;2331,1314"
74,0.6172833333333333,0,0,"1272,811,1572,1345","1978,881,2330,1349","1432,876;1426,930;1456,1004;1553,1022;1396,1064;1455,1172;1462,1301;1354,921;1327,1002;1402,1071;1338,1060;1371,1175;1323,1303","2087,961;2091,1011;2037,1034;1964,998;2155,1128;2100,1207;2114,1316;2163,993;2216,1018;2218,1015;2214,1119;2251,1226;2328,1312"
75,0.625625,0,0,"1273,816,1573,1345","1971,879,2331,1349","1435,879;1429,932;1467,1004;1559,1025;1396,1065;1453,1170;1461,1303;1358,923;1330,1004;1400,1072;1339,1062;1367,1174;1329,1302","2078,954;2084,1005;2033,1035;1961,1002;2147,1124;2094,1207;2116,1316;2156,987;2210,1018;2206,1023;2208,1115;2246,1225;2326,1313"
76,0.6339666666666667,0,0,"1271,817,1573,1346","1964,879,2332,1351","1435,879;1430,930;1473,1003;1552,1025;1397,1064;1453,1171;1468,1303;1363,924;1334,999;1393,1065;1343,1063;1363,1177;1330,1301","2078,957;2081,1008;2024,1033;1958,1002;2137,1125;2092,1205;2112,1312;2154,995;2211,1036;2224,1058;2201,1119;2250,1224;2322,1312"
77,0.6423083333333334,0,0,"1271,816,1576,1345","1952,879,2328,1352","1437,880;1432,931;1473,1000;1563,1024;1396,1064;1450,1171;1457,1303;1360,923;1331,1003;1392,1075;1340,1060;1367,1173;1331,1302","2069,958;2073,1008;2013,1024;1950,989;2131,1124;2091,1205;2116,1310;2142,995;2201,1031;2219,1048;2193,1117;2243,1222;2319,1311"
78,0.6506500000000001,0,0,"1271,816,1578,1345","1945,879,2328,1352","1438,881;1432,932;1474,1000;1565,1023;1395,1064;1449,1170;1454,1303;1362,923;1333,1002;1396,1069;1340,1060;1370,1172;1335,1302","2057,967;2061,1014;2004,1020;1944,980;2126,1127;2087,1205;2120,1311;2130,1000;2189,1024;2214,1023;2186,1118;2237,1223;2323,1311"
79,0.6589916666666666,0,0,"1270,814,1579,1344","1939,880,2328,1353","1438,882;1436,932;1478,998;1562,1024;1397,1063;1445,1169;1451,1302;1360,924;1326,1002;1370,1078;1340,1058;1364,1171;1338,1300","2049,969;2053,1016;1986,1020;1930,982;2115,1126;2082,1204;2113,1308;2120,1005;2181,1039;2217,1057;2176,1120;2240,1221;2322,1309"
80,0.6673333333333333,0,0,"1271,817,1580,1344","1932,884,2325,1354","1441,879;1434,929;1477,998;1569,1022;1393,1061;1448,1169;1450,1305;1364,920;1334,997;1397,1063;1339,1057;1370,1171;1333,1303","2027,973;2043,1017;1982,1017;1930,980;2114,1122;2080,1206;2119,1309;2097,1002;2154,1021;2188,1023;2166,1112;2228,1218;2323,1308"
81,0.675675,0,0,"1269,817,1580,1345","1927,886,2324,1353","1446,878;1437,928;1480,995;1572,1020;1393,1060;1449,1170;1451,1304;1367,919;1333,994;1394,1059;1338,1055;1373,1171;1335,1303","2047,958;2056,1000;1981,1012;1917,998;2120,1115;2085,1209;2103,1329;2102,993;2157,1020;2182,1032;2166,1107;2211,1221;2333,1324"
82,0.6840166666666667,0,0,"1268,816,1580,1345","1921,889,2322,1353","1445,880;1440,930;1487,993;1575,1016;1394,1061;1446,1170;1451,1303;1368,921;1333,996;1381,1064;1339,1056;1368,1170;1333,1301","2024,968;2030,1013;1961,1000;1913,961;2101,1122;2077,1206;2121,1310;2091,1000;2148,1013;2186,1002;2155,1112;2214,1219;2319,1309"
83,0.6923583333333333,0,0,"1267,813,1582,1345","1914,889,2319,1353","1449,878;1441,928;1488,994;1566,1019;1391,1059;1445,1169;1454,1304;1371,921;1331,992;1366,1062;1337,1056;1360,1173;1333,1302","2027,955;2041,997;1959,1001;1899,986;2114,1115;2084,1215;2110,1333;2077,988;2129,1001;2161,995;2153,1104;2195,1226;2331,1325"
84,0.7007,0,0,"1268,813,1585,1344","1909,892,2317,1353","1448,882;1443,929;1496,991;1579,1014;1391,1062;1439,1172;1446,1307;1369,920;1329,995;1359,1068;1336,1055;1359,1171;1338,1304","1997,969;2005,1013;1939,976;1891,935;2097,1130;2080,1205;2135,1307;2062,999;2128,991;2200,957;2145,1116;2192,1227;2328,1304"
85,0.7090416666666667,0,0,"1270,814,1589,1345","1904,892,2315,1352","1452,882;1442,928;1499,989;1589,1013;1385,1060;1440,1172;1446,1307;1375,919;1338,991;1380,1055;1335,1053;1364,1170;1334,1305","1985,963;2000,1007;1939,978;1889,936;2088,1124;2068,1204;2129,1305;2048,992;2115,989;2169,960;2135,1109;2181,1222;2320,1302"
86,0.7173833333333334,0,0,"1271,817,1589,1345","1895,887,2313,1353","1454,883;1440,931;1502,991;1599,1008;1379,1062;1445,1172;1448,1306;1382,918;1351,982;1420,1018;1337,1056;1373,1174;1324,1305","1993,958;2001,1005;1922,977;1871,940;2075,1119;2061,1201;2115,1302;2057,996;2123,1017;2179,1032;2127,1110;2189,1219;2311,1305"
87,0.7257250000000001,0,0,"1272,820,1589,1345","1887,883,2309,1355","1457,883;1440,928;1502,987;1598,1006;1375,1056;1441,1170;1447,1304;1383,915;1348,978;1411,1020;1333,1049;1370,1169;1324,1303","1986,961;1998,1006;1926,976;1877,934;2075,1123;2057,1204;2110,1302;2047,996;2111,1006;2173,1001;2123,1112;2185,1221;2311,1303"
88,0.7340666666666666,0,0,"1273,825,1589,1345","1884,880,2308,1356","1454,884;1441,929;1504,986;1597,1002;1376,1058;1440,1170;1445,1304;1382,918;1350,980;1409,1018;1336,1051;1369,1169;1323,1304","1977,960;1989,1006;1918,974;1872,927;2066,1123;2046,1206;2096,1302;2037,994;2095,994;2148,970;2111,1111;2172,1222;2304,1301"
89,0.7424083333333333,0,0,"1272,826,1591,1345","1849,878,2266,1356","1458,887;1442,932;1509,985;1604,998;1371,1059;1439,1172;1446,1306;1384,918;1349,976;1406,1006;1332,1052;1367,1171;1323,1305","1984,941;1992,980;1908,970;1841,944;2077,1114;2043,1216;2074,1329;2032,974;2090,978;2115,947;2114,1100;2140,1225;2299,1319"
90,0.75075,0,0,"1271,824,1594,1345","1812,875,2226,1355","1459,888;1442,932;1513,984;1609,994;1369,1061;1439,1174;1449,1305;1388,919;1353,976;1412,1004;1333,1054;1367,1173;1317,1304","1971,965;1981,1007;1897,969;1843,926;2057,1128;2054,1210;2101,1302;2028,998;2086,999;2144,974;2099,1117;2133,1220;2231,1303"
91,0.7590916666666667,0,0,"1270,826,1595,1346","1786,875,2196,1353","1460,892;1445,934;1514,980;1607,990;1368,1058;1435,1173;1444,1306;1389,920;1353,969;1404,988;1332,1049;1368,1171;1318,1305","1968,962;1977,1004;1895,973;1847,934;2042,1124;2049,1216;2097,1302;2022,998;2075,1010;2117,988;2082,1115;2108,1215;2181,1306"
92,0.7674333333333333,0,0,"1267,825,1596,1347","1785,874,2190,1352","1462,895;1447,936;1517,981;1609,991;1367,1059;1435,1175;1444,1305;1390,920;1352,966;1399,981;1331,1049;1369,1171;1319,1304","1972,958;1972,1003;1888,980;1842,950;2028,1123;2043,1212;2093,1298;2026,999;2082,1029;2128,1031;2075,1117;2103,1213;2165,1305"
93,0.775775,0,0,"1266,824,1598,1347","1774,869,2182,1353","1459,894;1445,933;1517,977;1603,983;1362,1055;1431,1172;1451,1301;1394,925;1354,962;1396,986;1333,1049;1360,1177;1314,1302","1957,953;1959,995;1883,955;1834,906;2029,1129;2041,1222;2098,1306;2006,990;2055,985;2094,921;2066,1119;2074,1223;2161,1308"
94,0.7841166666666667,0,0,"1265,829,1598,1348","1769,865,2177,1352","1465,900;1449,938;1520,980;1610,988;1362,1059;1435,1176;1450,1305;1394,921;1355,959;1397,963;1330,1048;1365,1173;1311,1303","1942,943;1946,986;1886,957;1842,916;2018,1127;2024,1225;2078,1312;1990,982;2039,974;2073,899;2053,1116;2052,1228;2145,1309"
95,0.7924583333333334,0,0,"1266,833,1599,1348","1766,860,2177,1352","1469,900;1450,938;1520,980;1612,987;1360,1059;1433,1176;1445,1308;1397,921;1355,958;1396,964;1328,1047;1366,1172;1312,1305","1922,949;1919,987;1856,934;1812,900;2010,1125;2029,1216;2093,1300;1978,981;2032,961;2091,881;2045,1111;2033,1221;2156,1299"
96,0.8008000000000001,0,0,"1265,836,1599,1347","1760,856,2173,1351","1471,902;1452,940;1522,978;1614,981;1359,1059;1434,1176;1447,1306;1401,922;1359,955;1401,952;1330,1048;1368,1173;1311,1304","1908,949;1911,987;1854,943;1814,917;2009,1122;2026,1216;2091,1303;1965,980;2021,959;2090,884;2042,1108;2032,1219;2154,1298"
97,0.8091416666666666,0,0,"1264,836,1601,1347","1764,857,2173,1351","1475,905;1452,943;1522,980;1615,983;1354,1060;1433,1175;1448,1307;1403,923;1357,953;1397,950;1325,1048;1367,1173;1308,1303","1898,950;1903,988;1845,939;1805,914;2007,1121;2028,1212;2103,1300;1960,981;2020,959;2091,886;2042,1106;2029,1216;2157,1295"
98,0.8174833333333333,0,0,"1262,837,1600,1347","1759,852,2170,1351","1477,907;1453,944;1521,979;1614,980;1353,1059;1434,1176;1449,1307;1405,924;1358,951;1397,942;1325,1047;1368,1173;1307,1304","1891,946;1891,986;1832,937;1792,917;1993,1113;2027,1209;2121,1300;1958,979;2017,963;2082,904;2034,1099;2018,1211;2153,1297"
99,0.825825,0,0,"1261,841,1602,1348","1758,853,2168,1351","1478,907;1455,945;1523,980;1614,980;1356,1060;1433,1175;1447,1306;1405,924;1359,951;1397,940;1327,1047;1371,1173;1313,1303","1890,938;1888,978;1829,932;1794,924;1989,1102;2036,1207;2142,1303;1959,971;2018,964;2085,923;2031,1089;2012,1203;2144,1301"
100,0.8341666666666667,0,0,"1258,842,1600,1347","1752,853,2161,1350","1479,909;1454,947;1522,980;1616,978;1354,1062;1433,1176;1444,1306;1406,926;1359,955;1399,946;1325,1050;1370,1174;1310,1303","1882,936;1877,976;1818,928;1781,923;1982,1099;2034,1204;2152,1303;1954,966;2017,960;2086,924;2028,1084;2004,1200;2139,1302"
101,0.8425083333333333,0,0,"1255,845,1598,1347","1743,847,2155,1348","1479,911;1452,950;1522,984;1616,980;1351,1064;1433,1175;1448,1307;1406,929;1358,957;1397,949;1323,1052;1367,1174;1305,1304","1871,933;1863,973;1809,931;1770,927;1968,1098;2015,1196;2128,1298;1945,964;2011,959;2086,918;2018,1083;1988,1198;2119,1297"
102,0.85085,0,0,"1252,847,1596,1347","1741,846,2152,1345","1478,913;1453,950;1518,984;1606,983;1351,1061;1432,1176;1453,1303;1411,931;1357,950;1388,944;1326,1050;1361,1178;1306,1299","1865,921;1854,964;1796,924;1753,928;1961,1092;2022,1195;2145,1299;1946,953;2013,955;2095,922;2017,1077;1984,1196;2111,1300"
103,0.8591916666666667,0,0,"1250,851,1593,1347","1738,846,2149,1345","1480,916;1451,952;1513,986;1603,985;1348,1062;1431,1177;1452,1303;1411,933;1356,951;1387,944;1324,1051;1361,1178;1306,1299","1855,920;1845,962;1790,922;1749,932;1952,1088;2019,1195;2147,1298;1939,951;2006,956;2089,930;2008,1072;1972,1191;2095,1299"
104,0.8675333333333334,0,0,"1247,852,1591,1347","1732,845,2145,1344","1481,921;1452,956;1512,988;1601,988;1349,1064;1432,1179;1450,1304;1410,936;1354,952;1386,941;1323,1052;1362,1179;1309,1301","1863,920;1851,960;1782,916;1750,926;1949,1082;2030,1192;2143,1298;1938,951;1996,957;2095,941;1995,1069;1977,1179;2072,1300"
105,0.8758750000000001,0,0,"1247,854,1592,1348","1726,845,2138,1342","1483,923;1450,958;1510,989;1603,987;1345,1065;1431,1180;1450,1306;1412,938;1355,955;1389,948;1321,1054;1361,1180;1306,1302","1861,915;1842,952;1771,923;1735,927;1951,1080;2011,1188;2115,1295;1923,948;1988,957;2083,937;1995,1069;1983,1182;2083,1297"
106,0.8842166666666667,0,0,"1248,858,1592,1348","1713,845,2128,1340","1485,920;1447,963;1505,992;1601,994;1348,1074;1441,1176;1454,1309;1400,942;1344,972;1382,975;1311,1066;1364,1183;1315,1310","1837,918;1815,963;1750,921;1720,927;1919,1080;1983,1174;2097,1283;1920,950;1986,957;2100,946;1977,1068;1979,1179;2095,1284"
107,0.8925583333333333,0,0,"1250,866,1590,1348","1707,843,2126,1337","1488,933;1455,967;1510,995;1601,991;1348,1072;1432,1184;1446,1307;1415,946;1356,957;1386,941;1322,1060;1366,1184;1311,1303","1831,924;1815,966;1755,917;1726,924;1916,1081;1996,1180;2130,1281;1911,952;1977,963;2088,951;1970,1068;1962,1177;2080,1286"
108,0.9009,0,0,"1249,872,1586,1349","1699,841,2122,1336","1491,936;1455,970;1506,998;1599,996;1346,1073;1435,1186;1448,1306;1417,948;1357,958;1392,940;1320,1061;1370,1185;1315,1304","1817,921;1792,969;1738,924;1707,924;1895,1079;1957,1158;2088,1260;1904,952;1975,962;2093,945;1958,1068;1958,1179;2092,1266"
109,0.9092416666666667,0,0,"1247,879,1581,1350","1690,840,2122,1339","1491,938;1453,973;1498,1002;1590,998;1346,1076;1435,1186;1446,1306;1415,950;1356,962;1394,943;1319,1065;1369,1186;1315,1304","1810,922;1788,973;1728,923;1696,917;1889,1079;1948,1149;2075,1250;1901,952;1975,962;2097,946;1955,1067;1964,1170;2092,1256"
110,0.9175833333333333,0,0,"1244,881,1578,1351","1681,841,2121,1341","1493,947;1455,981;1498,1007;1589,1001;1344,1079;1434,1188;1445,1306;1417,955;1355,960;1386,933;1317,1066;1373,1187;1316,1304","1812,919;1792,962;1727,917;1689,906;1903,1086;1943,1164;2045,1259;1883,956;1964,971;2077,954;1956,1077;1964,1177;2084,1267"
111,0.925925,0,0,"1243,889,1570,1351","1676,842,2121,1340","1495,950;1455,984;1494,1010;1583,1003;1343,1081;1435,1187;1448,1305;1418,955;1356,959;1382,928;1316,1067;1372,1186;1316,1302","1824,903;1797,947;1735,923;1694,913;1898,1085;1937,1176;2031,1271;1884,951;1958,974;2047,957;1950,1080;1946,1185;2045,1282"
112,0.9342666666666667,0,0,"1243,894,1567,1350","1674,844,2121,1336","1491,954;1451,989;1490,1013;1579,1002;1340,1084;1435,1189;1449,1306;1416,960;1355,960;1385,924;1315,1071;1371,1190;1313,1304","1811,903;1783,946;1730,930;1696,923;1885,1078;1937,1172;2056,1280;1872,947;1945,969;2034,956;1939,1072;1932,1182;2032,1288"
113,0.9426083333333334,0,0,"1244,898,1565,1350","1669,844,2121,1336","1492,954;1450,990;1489,1015;1579,1003;1341,1087;1437,1190;1451,1305;1417,961;1355,962;1385,927;1314,1074;1370,1192;1310,1303","1790,908;1766,947;1735,905;1700,916;1860,1073;1963,1176;2124,1272;1862,945;1928,969;2032,961;1910,1069;1872,1181;1946,1294"
114,0.95095,0,0,"1246,898,1566,1349","1663,846,2120,1338","1488,960;1451,995;1490,1018;1577,1007;1344,1090;1436,1192;1450,1305;1413,966;1352,967;1377,930;1316,1077;1369,1193;1315,1303","1783,906;1759,943;1729,906;1689,922;1850,1068;1953,1178;2111,1281;1855,944;1921,968;2018,963;1902,1065;1854,1181;1910,1304"
115,0.9592916666666667,0,0,"1248,905,1564,1349","1652,847,2117,1341","1494,963;1452,998;1490,1022;1579,1010;1342,1092;1438,1192;1452,1305;1417,968;1354,968;1379,933;1315,1079;1370,1194;1315,1303","1772,911;1745,946;1706,915;1659,932;1841,1071;1918,1175;2046,1279;1847,948;1918,973;2008,968;1896,1068;1847,1181;1904,1299"
116,0.9676333333333333,0,0,"1246,904,1563,1349","1648,846,2120,1342","1498,966;1451,1002;1486,1028;1576,1014;1338,1094;1438,1193;1453,1306;1419,969;1352,967;1376,930;1311,1079;1372,1195;1315,1304","1764,908;1736,942;1699,913;1650,932;1832,1066;1915,1175;2057,1283;1840,944;1911,969;1992,962;1890,1062;1833,1180;1894,1302"
117,0.975975,0,0,"1246,911,1560,1350","1643,847,2119,1342","1498,970;1450,1006;1483,1031;1573,1014;1337,1097;1437,1193;1449,1305;1420,972;1352,969;1376,928;1310,1083;1371,1197;1314,1303","1755,914;1729,952;1675,931;1629,949;1831,1074;1878,1167;1969,1278;1832,950;1907,970;2001,959;1891,1067;1857,1182;1932,1289"
118,0.9843166666666667,0,0,"1247,915,1559,1351","1640,851,2121,1343","1497,972;1447,1008;1479,1033;1569,1015;1336,1098;1438,1194;1452,1306;1418,974;1350,970;1376,929;1308,1084;1369,1198;1313,1304","1758,898;1723,944;1679,931;1640,964;1793,1071;1879,1165;1992,1282;1842,935;1904,977;1985,974;1860,1065;1797,1172;1813,1296"
119,0.9926583333333333,0,0,"1252,922,1560,1351","1638,850,2123,1343","1503,973;1450,1009;1479,1038;1571,1021;1334,1100;1439,1195;1453,1307;1422,975;1351,971;1375,935;1307,1086;1370,1200;1312,1305","1749,902;1720,939;1687,924;1639,963;1809,1067;1911,1182;2044,1286;1826,942;1891,975;1965,968;1867,1064;1785,1182;1801,1309"
120,1.0010000000000001,0,0,"1252,922,1560,1350","1635,849,2123,1342","1502,976;1450,1014;1477,1041;1568,1022;1335,1102;1438,1194;1451,1309;1421,978;1352,974;1374,933;1308,1088;1371,1200;1315,1305","1751,901;1718,941;1678,928;1630,972;1796,1072;1899,1179;2006,1281;1823,945;1885,984;1949,978;1853,1069;1760,1179;1749,1305"
121,1.0093416666666666,0,0,"1250,926,1557,1350","1629,849,2120,1342","1504,980;1452,1018;1478,1044;1567,1023;1338,1105;1440,1195;1453,1307;1423,981;1353,975;1370,932;1310,1091;1373,1201;1317,1304","1747,896;1715,935;1682,925;1635,974;1792,1064;1913,1182;2040,1286;1817,940;1874,982;1935,982;1846,1063;1747,1179;1734,1312"
122,1.0176833333333333,0,0,"1251,928,1556,1350","1626,846,2123,1341","1507,982;1452,1021;1473,1049;1561,1029;1334,1107;1438,1196;1453,1308;1426,982;1354,975;1369,930;1308,1092;1376,1203;1320,1304","1740,899;1714,939;1681,934;1635,979;1789,1066;1907,1184;2025,1290;1810,943;1865,986;1929,987;1841,1066;1747,1182;1727,1316"
123,1.026025,0,0,"1249,931,1553,1351","1618,847,2118,1341","1508,982;1451,1021;1466,1052;1554,1034;1336,1107;1441,1195;1456,1307;1424,981;1351,975;1364,932;1307,1092;1373,1203;1320,1303","1732,901;1705,942;1668,934;1624,978;1783,1072;1897,1186;2009,1291;1802,946;1859,987;1927,986;1835,1070;1743,1184;1726,1317"
124,1.0343666666666667,0,0,"1249,934,1551,1351","1613,848,2111,1343","1511,984;1449,1024;1455,1060;1542,1045;1335,1110;1441,1196;1454,1309;1424,983;1348,977;1359,936;1304,1094;1373,1205;1320,1304","1722,909;1696,947;1657,940;1611,987;1782,1072;1887,1188;1994,1296;1791,950;1849,985;1917,984;1830,1070;1739,1186;1725,1320"
125,1.0427083333333333,0,0,"1249,935,1551,1352","1600,845,2103,1349","1515,987;1450,1027;1446,1064;1530,1051;1335,1113;1442,1199;1453,1310;1427,985;1346,976;1350,935;1303,1096;1373,1208;1320,1304","1716,912;1688,951;1643,943;1602,989;1774,1078;1875,1192;1967,1303;1783,954;1840,987;1918,981;1821,1076;1739,1190;1725,1324"
126,1.05105,0,0,"1248,936,1550,1352",NaN,"1521,989;1452,1030;1441,1072;1526,1064;1335,1117;1442,1201;1452,1310;1431,986;1345,979;1340,936;1302,1098;1373,1210;1320,1302",NaN
127,1.0593916666666667,0,0,"1244,938,1544,1351","1580,862,2066,1351","1515,991;1447,1034;1431,1077;1513,1072;1333,1118;1440,1199;1450,1310;1425,988;1340,982;1332,941;1299,1100;1369,1210;1322,1302","1704,907;1672,946;1636,937;1590,986;1752,1082;1865,1202;1973,1305;1771,951;1826,989;1889,978;1802,1080;1700,1196;1687,1329"
128,1.0677333333333334,0,0,"1244,943,1539,1351","1564,866,2040,1351","1515,993;1446,1037;1426,1083;1508,1080;1332,1121;1441,1198;1450,1308;1425,992;1337,986;1326,948;1298,1103;1368,1211;1321,1301","1693,908;1662,946;1621,935;1571,989;1751,1089;1851,1207;1943,1311;1763,951;1821,986;1893,967;1800,1085;1697,1203;1697,1332"
129,1.0760750000000001,0,0,"1243,944,1537,1350","1533,868,2011,1354","1515,1001;1445,1046;1413,1092;1495,1093;1334,1126;1442,1199;1450,1310;1426,1000;1335,997;1319,962;1299,1108;1366,1211;1321,1298","1684,904;1650,941;1602,930;1547,983;1747,1099;1833,1218;1911,1320;1748,948;1812,980;1892,948;1792,1092;1693,1216;1708,1339"
130,1.0844166666666666,0,0,"1244,945,1538,1351","1546,869,2019,1355","1521,1002;1440,1047;1400,1096;1487,1099;1330,1125;1445,1200;1450,1311;1428,1003;1332,999;1323,974;1294,1108;1367,1211;1321,1300","1678,910;1643,948;1597,937;1543,992;1735,1096;1830,1216;1912,1320;1749,954;1809,989;1877,964;1786,1091;1680,1211;1687,1340"
131,1.0927583333333333,0,0,"1242,944,1536,1351","1521,872,1995,1357","1522,1007;1434,1050;1392,1104;1475,1094;1323,1123;1445,1193;1452,1310;1428,1007;1325,995;1329,976;1285,1111;1366,1217;1317,1305","1673,902;1635,948;1580,939;1534,990;1713,1106;1788,1214;1834,1323;1745,945;1802,985;1865,955;1765,1096;1662,1207;1666,1332"
132,1.1011,0,0,"1238,941,1534,1351","1509,874,1975,1356","1530,1004;1436,1048;1391,1103;1474,1093;1314,1122;1443,1194;1452,1313;1433,1000;1325,984;1321,959;1278,1109;1363,1217;1317,1306","1665,909;1629,954;1579,944;1534,985;1711,1113;1777,1216;1829,1324;1735,950;1791,985;1861,950;1760,1102;1664,1214;1681,1330"
133,1.1094416666666667,0,0,"1237,941,1533,1351","1493,876,1959,1358","1512,1022;1428,1064;1384,1114;1457,1111;1309,1129;1440,1190;1444,1297;1425,1015;1322,1003;1298,984;1276,1113;1359,1210;1314,1296","1658,932;1624,969;1565,973;1497,1004;1731,1106;1783,1214;1854,1324;1731,974;1800,982;1865,941;1789,1100;1709,1225;1726,1336"
134,1.1177833333333334,0,0,"1242,943,1537,1350","1490,876,1951,1358","1503,1019;1419,1062;1370,1114;1448,1118;1314,1128;1440,1192;1442,1301;1412,1019;1310,1016;1302,1009;1275,1116;1353,1210;1315,1299","1642,931;1610,978;1566,965;1522,1016;1680,1126;1761,1225;1803,1320;1728,978;1783,1019;1837,977;1744,1119;1634,1217;1638,1333"
135,1.126125,0,0,"1240,945,1533,1350","1479,876,1939,1358","1497,1020;1410,1064;1359,1116;1439,1118;1306,1128;1438,1193;1439,1300;1407,1021;1306,1019;1313,1019;1269,1117;1355,1211;1316,1301","1637,931;1602,976;1554,969;1510,1021;1671,1126;1739,1224;1767,1324;1720,978;1775,1016;1826,973;1736,1118;1630,1219;1642,1333"
136,1.1344666666666667,0,0,"1235,944,1527,1350","1468,878,1924,1359","1490,1018;1407,1062;1354,1116;1433,1131;1312,1129;1433,1195;1419,1297;1399,1023;1298,1030;1307,1043;1268,1118;1352,1211;1316,1298","1628,927;1588,974;1535,972;1489,1022;1665,1124;1726,1220;1757,1326;1711,973;1769,1011;1822,969;1731,1115;1629,1222;1654,1333"
137,1.1428083333333334,0,0,"1235,948,1522,1349","1455,880,1906,1361","1459,1023;1394,1059;1366,1101;1432,1129;1309,1128;1404,1192;1386,1286;1383,1031;1302,1048;1300,1063;1273,1118;1339,1203;1334,1284","1624,927;1584,969;1540,974;1497,1025;1661,1120;1719,1220;1751,1325;1700,969;1756,1009;1813,972;1721,1111;1619,1219;1644,1331"
138,1.1511500000000001,0,0,"1236,947,1522,1349","1455,882,1902,1361","1457,1024;1389,1058;1361,1105;1429,1142;1306,1127;1399,1191;1377,1288;1381,1032;1301,1053;1306,1079;1272,1116;1338,1199;1335,1285","1617,933;1577,976;1535,980;1493,1025;1651,1125;1704,1221;1735,1327;1696,977;1751,1014;1803,972;1715,1116;1615,1224;1649,1330"
139,1.1594916666666666,0,0,"1239,950,1524,1350","1448,882,1892,1361","1452,1023;1391,1057;1360,1104;1429,1142;1303,1127;1380,1198;1337,1287;1373,1030;1289,1050;1292,1069;1263,1117;1339,1204;1328,1286","1607,931;1565,975;1525,981;1485,1027;1646,1125;1699,1221;1734,1325;1687,975;1742,1011;1807,968;1708,1117;1611,1227;1648,1330"
140,1.1678333333333333,0,0,"1239,943,1530,1351","1435,882,1873,1362","1440,1019;1408,1053;1385,1101;1438,1143;1329,1127;1375,1201;1307,1289;1356,1027;1276,1055;1270,1069;1271,1118;1333,1211;1329,1294","1589,938;1553,980;1520,984;1481,1027;1644,1123;1691,1219;1738,1320;1668,978;1726,1005;1807,965;1703,1114;1619,1228;1669,1324"
141,1.176175,0,0,"1243,942,1535,1351","1436,884,1865,1362","1447,1017;1394,1054;1361,1103;1426,1139;1307,1125;1365,1196;1301,1284;1364,1025;1279,1046;1278,1059;1259,1115;1335,1201;1323,1284","1583,943;1553,982;1497,982;1432,1005;1664,1118;1700,1217;1754,1318;1658,982;1727,989;1809,945;1720,1111;1659,1234;1701,1327"
142,1.1845166666666667,0,0,"1242,942,1535,1351","1434,887,1856,1362","1444,1017;1396,1052;1368,1097;1427,1129;1313,1123;1363,1199;1297,1283;1363,1027;1281,1047;1277,1059;1265,1114;1337,1201;1320,1284","1567,942;1535,987;1504,985;1463,1021;1628,1127;1675,1217;1732,1320;1653,984;1715,1011;1798,971;1692,1119;1614,1229;1675,1324"
143,1.1928583333333334,0,0,"1243,942,1535,1351","1428,887,1845,1362","1446,1019;1396,1052;1365,1095;1424,1124;1313,1123;1359,1200;1288,1282;1365,1027;1283,1046;1278,1055;1265,1114;1340,1201;1319,1284","1567,946;1539,986;1493,987;1435,1007;1644,1121;1679,1217;1734,1317;1643,986;1710,997;1796,958;1701,1114;1647,1233;1687,1324"
144,1.2012,0,0,"1242,944,1532,1351","1412,883,1827,1361","1431,1014;1393,1046;1373,1082;1423,1106;1321,1118;1363,1199;1301,1276;1357,1025;1285,1045;1284,1053;1273,1111;1345,1199;1330,1283","1547,949;1521,998;1488,993;1449,1023;1622,1134;1656,1212;1710,1313;1631,988;1698,1010;1801,974;1682,1123;1625,1233;1697,1314"
145,1.2095416666666667,0,0,"1236,944,1522,1350","1399,878,1814,1362","1453,1015;1415,1042;1437,1044;1505,1048;1321,1113;1386,1201;1374,1283;1363,1024;1283,1020;1266,1014;1269,1102;1347,1200;1323,1297","1539,951;1514,1000;1472,993;1427,1017;1619,1136;1647,1213;1701,1312;1625,988;1694,1010;1795,977;1678,1124;1627,1235;1702,1314"
146,1.2178833333333334,0,0,"1231,939,1519,1350","1396,874,1809,1363","1449,1012;1411,1040;1431,1044;1498,1047;1316,1111;1379,1204;1363,1281;1361,1021;1282,1020;1270,1015;1266,1101;1353,1199;1328,1296","1525,954;1507,1003;1466,1003;1412,1027;1614,1136;1623,1210;1660,1307;1611,990;1686,1010;1777,976;1673,1125;1621,1233;1685,1308"
147,1.2262250000000001,0,0,"1233,936,1520,1349","1385,868,1795,1362","1448,1015;1418,1042;1446,1039;1517,1038;1328,1111;1390,1203;1376,1278;1357,1023;1282,1023;1272,1021;1271,1100;1362,1199;1332,1297","1516,957;1500,1005;1457,1009;1399,1031;1605,1136;1601,1209;1629,1308;1604,991;1679,1012;1767,984;1666,1125;1623,1235;1688,1309"
148,1.2345666666666666,0,0,"1232,935,1518,1349",NaN,"1444,987;1403,1024;1428,1040;1518,1014;1330,1109;1427,1201;1449,1306;1382,1005;1344,1017;1437,994;1309,1106;1388,1200;1327,1317",NaN
149,1.2429083333333333,0,0,"1231,935,1514,1348","1365,869,1769,1360","1451,1000;1413,1027;1447,1027;1517,1002;1363,1119;1431,1208;1460,1303;1396,1021;1360,1027;1393,998;1341,1115;1374,1199;1363,1305","1497,961;1489,1011;1473,1032;1419,1050;1586,1138;1557,1204;1577,1305;1592,992;1670,1013;1760,989;1651,1126;1632,1237;1684,1305"
150,1.25125,0,0,"1230,932,1512,1348","1351,872,1752,1357","1474,998;1432,1025;1413,1040;1422,1038;1401,1116;1427,1208;1445,1301;1452,1018;1416,1028;1359,1008;1400,1109;1392,1193;1398,1297","1503,949;1501,994;1488,1022;1430,1034;1584,1119;1552,1199;1567,1301;1587,981;1660,1004;1736,999;1642,1112;1640,1228;1672,1304"
151,1.2595916666666667,0,0,"1230,923,1515,1349",NaN,"1471,977;1420,1012;1403,1050;1450,1058;1346,1105;1418,1209;1442,1310;1423,995;1364,1006;1343,997;1336,1096;1368,1203;1321,1310",NaN
152,1.2679333333333334,0,0,"1229,922,1512,1349",NaN,"1481,966;1426,1006;1410,1051;1459,1061;1347,1107;1421,1208;1438,1310;1430,986;1367,1004;1343,997;1337,1097;1366,1206;1314,1309",NaN
153,1.276275,0,0,"1226,915,1511,1349",NaN,"1487,967;1416,1005;1391,1057;1451,1067;1324,1103;1417,1200;1440,1308;1431,983;1366,997;1367,992;1320,1094;1373,1205;1325,1306",NaN
154,1.2846166666666667,0,0,NaN,"1323,873,1721,1353",NaN,"1435,955;1442,1001;1406,1040;1334,1057;1546,1115;1486,1192;1497,1320;1531,978;1610,993;1668,991;1610,1101;1612,1221;1674,1315"
155,1.2929583333333334,0,0,NaN,"1316,873,1715,1354",NaN,"1427,952;1433,998;1400,1039;1331,1058;1533,1112;1470,1190;1474,1322;1523,975;1598,991;1656,991;1598,1098;1608,1221;1675,1316"
156,1.3013000000000001,0,0,NaN,"1310,872,1710,1353",NaN,"1413,950;1427,997;1395,1042;1325,1063;1528,1110;1458,1191;1458,1324;1509,972;1586,989;1638,991;1591,1095;1604,1219;1675,1317"
157,1.3096416666666666,0,0,NaN,"1301,872,1704,1354",NaN,"1403,944;1421,993;1397,1044;1328,1065;1515,1107;1446,1188;1447,1323;1498,968;1573,989;1618,997;1578,1093;1596,1217;1675,1316"
158,1.3179833333333333,0,0,NaN,"1298,874,1699,1353",NaN,"1393,943;1412,993;1390,1046;1326,1070;1505,1108;1441,1189;1445,1322;1489,968;1564,990;1619,1000;1569,1093;1594,1218;1672,1315"
159,1.326325,0,0,NaN,"1291,873,1694,1353",NaN,"1383,935;1406,987;1384,1046;1317,1079;1500,1104;1426,1188;1414,1326;1482,963;1557,990;1612,1009;1563,1090;1590,1217;1666,1318"
160,1.3346666666666667,0,0,NaN,"1283,872,1690,1354",NaN,"1377,930;1393,987;1380,1045;1319,1076;1478,1109;1409,1186;1399,1316;1477,963;1554,993;1624,1011;1549,1096;1589,1222;1665,1312"
161,1.3430083333333334,0,0,NaN,"1279,873,1687,1354",NaN,"1367,931;1384,987;1374,1046;1312,1076;1474,1107;1404,1184;1399,1318;1470,961;1549,987;1616,999;1545,1093;1582,1219;1656,1313"
162,1.35135,0,0,NaN,"1272,866,1686,1353",NaN,"1353,927;1377,983;1365,1045;1300,1080;1472,1104;1395,1183;1386,1316;1456,958;1535,986;1599,1004;1538,1089;1575,1215;1653,1309"
163,1.3596916666666667,0,0,NaN,"1267,866,1684,1353",NaN,"1341,924;1368,981;1361,1047;1297,1083;1459,1099;1377,1176;1368,1306;1443,956;1524,989;1584,1015;1525,1086;1569,1209;1650,1301"
164,1.3680333333333334,0,0,NaN,"1264,865,1684,1353",NaN,"1334,927;1368,985;1364,1051;1297,1084;1453,1100;1360,1178;1339,1311;1432,959;1502,989;1544,1011;1511,1088;1563,1211;1652,1305"
165,1.3763750000000001,0,0,NaN,"1256,863,1677,1351",NaN,"1333,922;1360,981;1360,1047;1299,1079;1438,1100;1353,1179;1337,1308;1430,959;1503,994;1553,1022;1502,1089;1559,1210;1643,1303"
166,1.3847166666666666,0,0,NaN,"1250,865,1670,1351",NaN,"1324,918;1354,975;1355,1048;1296,1079;1425,1095;1340,1179;1314,1307;1414,953;1480,999;1525,1047;1481,1085;1547,1207;1634,1301"
167,1.3930583333333333,0,0,NaN,"1243,865,1661,1347",NaN,"1319,927;1346,986;1347,1057;1295,1086;1418,1103;1337,1179;1327,1303;1408,963;1472,1003;1511,1039;1475,1092;1538,1209;1640,1297"
168,1.4014,0,0,NaN,"1219,864,1633,1346",NaN,"1307,920;1339,981;1354,1058;1292,1081;1412,1101;1328,1177;1328,1301;1396,954;1459,995;1473,1020;1466,1089;1511,1207;1620,1296"
169,1.4097416666666667,0,0,NaN,"1217,858,1637,1349",NaN,"1303,925;1333,987;1345,1063;1287,1081;1398,1105;1316,1178;1317,1302;1389,959;1448,1001;1453,1028;1452,1093;1510,1210;1628,1295"
170,1.4180833333333334,0,0,NaN,"1219,857,1638,1348",NaN,"1289,918;1323,982;1344,1063;1283,1080;1388,1104;1310,1182;1323,1308;1377,953;1438,997;1437,1029;1444,1091;1494,1212;1615,1301"
171,1.426425,0,0,NaN,"1211,851,1637,1352",NaN,"1271,925;1305,988;1327,1062;1276,1082;1377,1108;1300,1180;1304,1306;1356,959;1420,996;1446,1017;1429,1095;1487,1213;1609,1297"
172,1.4347666666666667,0,0,NaN,"1206,849,1633,1354",NaN,"1263,923;1295,987;1316,1064;1269,1091;1362,1110;1288,1185;1284,1308;1349,962;1413,1006;1446,1037;1417,1099;1480,1217;1598,1301"
173,1.4431083333333334,0,0,NaN,"1193,847,1622,1356",NaN,"1265,922;1293,985;1313,1065;1269,1093;1350,1108;1279,1183;1271,1312;1346,963;1404,1013;1431,1055;1403,1098;1469,1214;1588,1304"
174,1.4514500000000001,0,0,"1201,855,1529,1357",NaN,"1262,924;1294,991;1329,1075;1275,1089;1349,1116;1268,1187;1261,1315;1341,961;1395,1006;1398,1018;1396,1105;1446,1219;1542,1309",NaN
175,1.4597916666666666,0,0,"1199,851,1534,1359",NaN,"1252,914;1281,982;1306,1069;1261,1094;1334,1115;1270,1196;1268,1329;1331,953;1389,1003;1406,1029;1387,1102;1438,1226;1543,1321",NaN
176,1.4681333333333333,0,0,"1182,849,1510,1361",NaN,"1247,916;1268,986;1296,1073;1250,1090;1317,1117;1255,1194;1259,1325;1326,957;1378,1004;1385,1016;1372,1106;1419,1226;1516,1319",NaN
177,1.476475,0,0,"1174,847,1496,1362",NaN,"1241,910;1266,983;1301,1072;1249,1082;1311,1119;1246,1197;1253,1329;1321,953;1375,1005;1371,1013;1366,1108;1409,1228;1502,1324",NaN
178,1.4848166666666667,0,0,"1169,841,1488,1363",NaN,"1233,915;1251,981;1283,1060;1243,1076;1295,1112;1238,1196;1257,1326;1306,960;1356,1007;1362,1020;1347,1104;1393,1223;1501,1322",NaN
179,1.4931583333333334,0,0,"1164,837,1481,1363",NaN,"1231,911;1247,977;1284,1058;1246,1074;1286,1112;1229,1200;1252,1327;1301,956;1350,1004;1347,1016;1339,1104;1383,1225;1493,1324",NaN
180,1.5015,0,0,"1161,832,1475,1362",NaN,"1212,911;1231,975;1265,1060;1222,1078;1283,1109;1228,1201;1262,1330;1284,950;1339,1000;1337,1020;1335,1098;1363,1224;1466,1326",NaN
181,1.5098416666666667,0,0,"1155,821,1471,1360",NaN,"1214,912;1223,977;1255,1064;1212,1080;1271,1113;1221,1196;1262,1328;1283,953;1337,1005;1327,1022;1326,1102;1345,1224;1463,1323",NaN
182,1.5181833333333334,0,0,"1153,813,1470,1361",NaN,"1202,914;1213,979;1244,1063;1199,1078;1266,1114;1217,1192;1266,1323;1272,955;1329,1001;1314,1010;1321,1102;1332,1222;1460,1317",NaN
183,1.5265250000000001,0,0,"1144,814,1459,1360",NaN,"1197,913;1200,980;1228,1065;1181,1076;1255,1117;1212,1194;1270,1323;1270,955;1326,1001;1309,1007;1315,1105;1317,1226;1440,1318",NaN
184,1.5348666666666666,0,0,"1142,814,1454,1359",NaN,"1189,913;1191,982;1220,1075;1174,1089;1244,1122;1203,1190;1253,1305;1261,956;1319,1005;1299,1006;1306,1111;1305,1227;1426,1302",NaN
185,1.5432083333333333,0,0,"1138,810,1452,1359",NaN,"1185,915;1176,981;1198,1064;1160,1081;1232,1120;1206,1193;1276,1311;1255,961;1310,1008;1300,1012;1295,1109;1286,1228;1420,1306",NaN
186,1.55155,0,0,"1129,802,1445,1360",NaN,"1173,918;1165,982;1191,1063;1158,1085;1223,1121;1203,1192;1280,1307;1239,964;1294,1009;1290,1009;1282,1110;1266,1228;1414,1300",NaN
187,1.5598916666666667,0,0,"1126,801,1438,1359",NaN,"1173,916;1159,978;1181,1056;1150,1083;1213,1120;1206,1196;1286,1305;1234,965;1284,1013;1277,1012;1271,1110;1241,1227;1387,1298",NaN
188,1.5682333333333334,0,0,"1126,801,1435,1359",NaN,"1173,912;1154,970;1170,1047;1141,1078;1206,1112;1207,1195;1294,1302;1235,960;1281,1011;1272,1016;1264,1103;1229,1221;1367,1295",NaN
189,1.576575,0,0,"1122,799,1430,1360",NaN,"1173,907;1146,964;1155,1041;1132,1080;1195,1110;1208,1200;1296,1302;1233,956;1276,1015;1273,1025;1254,1103;1211,1222;1336,1297",NaN
190,1.5849166666666668,0,0,"1122,800,1427,1362",NaN,"1157,896;1136,951;1155,1032;1130,1072;1184,1101;1204,1204;1290,1311;1208,945;1251,1010;1243,1025;1236,1095;1188,1217;1292,1312",NaN
191,1.5932583333333334,0,0,NaN,NaN,NaN,NaN
192,1.6016000000000001,0,0,NaN,NaN,NaN,NaN
193,1.6099416666666666,0,0,NaN,NaN,NaN,NaN
194,1.6182833333333333,0,0,NaN,NaN,NaN,NaN
195,1.626625,0,0,NaN,NaN,NaN,NaN
196,1.6349666666666667,0,0,NaN,NaN,NaN,NaN
197,1.6433083333333334,0,0,NaN,"942,816,1356,1358",NaN,"1102,887;1062,942;1047,1019;1016,1052;1109,1094;1149,1203;1266,1313;1166,938;1200,1006;1177,1024;1172,1089;1109,1214;1214,1308"
198,1.65165,0,0,NaN,NaN,NaN,NaN
199,1.6599916666666668,0,0,"1141,802,1432,1353","932,815,1318,1358","1328,860;1270,913;1192,976;1154,1025;1286,1058;1307,1190;1282,1313;1378,913;1376,999;1372,1079;1340,1055;1324,1173;1296,1305","1088,881;1037,934;1025,1011;1011,1054;1077,1087;1137,1203;1230,1309;1127,934;1145,1009;1149,1037;1122,1085;1069,1205;1140,1313"
200,1.6683333333333334,0,0,"1141,797,1430,1358",NaN,"1323,863;1276,922;1210,995;1156,1028;1289,1068;1296,1187;1278,1313;1376,915;1374,1000;1353,1081;1347,1063;1335,1187;1315,1310",NaN
201,1.6766750000000001,0,0,"1141,797,1426,1359","931,813,1299,1357","1317,856;1265,910;1192,973;1148,1024;1280,1056;1296,1192;1268,1313;1374,911;1375,999;1374,1084;1338,1055;1325,1175;1298,1307","1086,882;1035,934;1011,1015;988,1056;1065,1079;1105,1193;1146,1307;1120,930;1128,1002;1125,1029;1107,1077;1061,1191;1075,1311"
202,1.6850166666666666,0,0,"1142,797,1422,1359","927,813,1282,1356","1325,855;1277,904;1207,970;1163,1033;1298,1052;1301,1193;1258,1304;1381,909;1384,1000;1365,1085;1350,1051;1321,1171;1294,1300","1070,886;1014,931;993,1002;963,1050;1052,1082;1118,1205;1198,1304;1116,938;1132,1011;1121,1025;1104,1082;1021,1201;1049,1309"
203,1.6933583333333333,0,0,"1144,798,1419,1358","926,811,1272,1355","1307,855;1275,912;1221,986;1158,1025;1286,1060;1278,1187;1257,1309;1366,906;1371,993;1349,1080;1345,1056;1330,1188;1306,1313","1077,880;1008,928;989,1005;970,1058;1042,1080;1117,1201;1188,1300;1111,935;1121,1005;1121,1009;1091,1080;1020,1199;1033,1311"
204,1.7017,0,0,"1145,797,1417,1358","921,810,1261,1356","1328,859;1283,906;1210,970;1176,1031;1305,1054;1300,1184;1256,1302;1375,912;1387,997;1368,1074;1348,1050;1317,1173;1288,1298","1069,881;997,929;978,1005;962,1059;1031,1079;1111,1198;1183,1299;1099,937;1107,1005;1112,1007;1078,1080;1009,1197;1020,1310"
205,1.7100416666666667,0,0,"1146,798,1415,1358","911,811,1247,1357","1312,856;1273,914;1216,990;1160,1031;1283,1059;1281,1185;1254,1310;1366,908;1363,994;1347,1083;1338,1056;1329,1185;1303,1312","1068,878;989,927;965,1002;949,1058;1019,1082;1103,1200;1170,1296;1098,937;1105,1007;1104,1002;1070,1083;989,1199;987,1307"
206,1.7183833333333334,0,0,"1147,797,1415,1357","901,813,1234,1356","1319,851;1269,904;1204,974;1165,1034;1289,1050;1296,1187;1261,1307;1379,908;1381,1000;1372,1087;1345,1050;1329,1168;1309,1301","1065,881;982,930;951,1005;936,1062;1012,1084;1100,1201;1168,1297;1092,939;1095,1008;1091,1005;1061,1084;982,1200;975,1307"
207,1.726725,0,0,"1148,798,1413,1355","887,814,1222,1357","1314,857;1269,908;1204,980;1167,1033;1290,1054;1292,1186;1261,1306;1371,910;1380,1002;1372,1086;1342,1052;1326,1173;1308,1300","1049,876;981,933;927,1005;895,1055;1006,1093;1106,1206;1192,1314;1097,930;1103,1013;1085,1029;1061,1087;966,1198;931,1316"
208,1.7350666666666668,0,0,"1147,794,1412,1354","873,812,1214,1361","1315,854;1267,907;1203,981;1167,1032;1286,1055;1292,1187;1266,1307;1373,909;1380,1004;1372,1086;1340,1054;1324,1176;1308,1300","1044,873;963,929;923,1002;894,1060;993,1092;1103,1209;1189,1306;1083,935;1090,1018;1070,1016;1048,1091;939,1206;914,1316"
209,1.7434083333333334,0,0,"1147,790,1411,1354","862,807,1209,1364","1309,855;1266,908;1204,980;1164,1029;1286,1055;1290,1185;1265,1305;1369,910;1380,1005;1370,1086;1342,1054;1325,1175;1308,1300","1037,869;953,928;908,1001;879,1061;982,1095;1095,1209;1174,1304;1076,934;1083,1020;1059,1015;1038,1094;924,1205;890,1315"
210,1.7517500000000001,0,0,"1150,792,1411,1353","843,804,1197,1365","1308,860;1269,916;1215,990;1157,1026;1281,1058;1279,1181;1261,1305;1365,912;1366,995;1350,1083;1339,1056;1331,1181;1309,1305","1028,867;945,926;900,1001;875,1059;971,1094;1086,1207;1167,1309;1060,931;1064,1015;1043,1011;1023,1091;912,1205;880,1319"
211,1.7600916666666666,0,0,"1154,792,1413,1352","831,800,1190,1364","1307,856;1266,911;1207,983;1158,1026;1286,1055;1286,1182;1263,1306;1367,911;1376,1003;1368,1085;1341,1055;1325,1175;1305,1300","1020,866;935,927;888,1003;864,1062;963,1094;1079,1206;1161,1312;1049,930;1052,1016;1030,1014;1013,1091;902,1205;869,1322"
212,1.7684333333333333,0,0,"1155,791,1412,1351","817,799,1180,1363","1306,860;1268,914;1217,982;1171,1024;1278,1054;1282,1184;1263,1304;1365,916;1373,1007;1359,1087;1337,1055;1321,1172;1299,1300","1003,875;943,943;861,1008;843,1037;957,1109;1058,1216;1142,1330;1045,924;1044,1004;1028,1022;1000,1100;929,1221;867,1331"
213,1.776775,0,0,"1157,793,1411,1351","805,800,1173,1367","1300,859;1264,915;1216,984;1168,1026;1276,1057;1278,1185;1259,1305;1361,916;1372,1009;1359,1087;1336,1058;1320,1174;1296,1301","994,885;937,951;857,1013;839,1038;944,1114;1054,1218;1149,1326;1034,931;1030,1005;1013,1017;987,1103;922,1224;861,1327"
214,1.7851166666666667,0,0,"1158,792,1410,1349","795,799,1166,1367","1297,859;1262,915;1214,985;1164,1026;1275,1056;1276,1183;1259,1302;1360,916;1374,1010;1360,1091;1337,1058;1321,1173;1299,1298","985,888;926,955;848,1018;825,1042;934,1115;1043,1218;1147,1328;1030,933;1029,1011;1004,1023;983,1104;914,1223;854,1331"
215,1.7934583333333334,0,0,"1160,793,1410,1348","784,811,1156,1373","1294,860;1260,916;1214,987;1163,1027;1275,1057;1273,1182;1257,1302;1359,916;1375,1009;1362,1089;1338,1058;1322,1174;1302,1299","980,889;926,956;850,1023;838,1051;923,1117;1035,1217;1132,1325;1013,932;1004,1006;991,1021;962,1104;907,1229;841,1325"
216,1.8018,0,0,"1160,793,1408,1347","775,817,1147,1376","1292,859;1259,915;1214,987;1163,1028;1273,1055;1272,1181;1258,1301;1357,916;1373,1010;1361,1091;1336,1057;1321,1173;1301,1298","970,888;918,954;843,1020;829,1049;914,1117;1026,1220;1124,1329;1002,930;992,1002;977,1016;952,1104;895,1230;833,1328"
217,1.8101416666666668,0,0,"1163,796,1409,1346","766,821,1138,1375","1292,853;1258,912;1214,989;1165,1026;1274,1059;1270,1183;1256,1304;1357,911;1375,1010;1367,1086;1335,1060;1319,1180;1300,1299","951,886;879,948;806,1014;776,1062;899,1109;1013,1223;1107,1330;1006,939;1013,1020;978,1024;960,1103;868,1215;825,1336"
218,1.8184833333333335,0,0,"1163,796,1408,1346","757,822,1131,1377","1289,857;1257,914;1217,987;1164,1027;1271,1057;1268,1182;1256,1300;1356,914;1374,1011;1360,1091;1335,1059;1319,1175;1300,1298","936,887;868,949;799,1016;763,1064;890,1113;994,1226;1086,1330;993,941;1002,1022;959,1022;952,1106;854,1220;820,1335"
219,1.8268250000000001,0,0,"1162,797,1405,1346","745,823,1124,1382","1289,853;1256,912;1214,989;1164,1025;1271,1059;1267,1182;1254,1303;1355,912;1374,1011;1367,1091;1333,1061;1321,1180;1303,1299","938,874;874,945;787,1015;763,1055;880,1119;983,1228;1051,1353;981,925;968,1002;953,1016;924,1108;854,1228;802,1347"
220,1.8351666666666666,0,0,"1162,798,1405,1346","736,823,1117,1387","1285,857;1255,915;1217,988;1162,1026;1268,1057;1264,1182;1255,1299;1354,915;1374,1012;1360,1093;1334,1059;1320,1177;1302,1297","927,875;863,946;768,1015;743,1056;872,1126;960,1234;1002,1358;968,928;957,1004;939,1011;914,1114;843,1232;800,1349"
221,1.8435083333333333,0,0,"1164,798,1406,1347","724,824,1103,1389","1279,855;1252,913;1218,986;1163,1025;1264,1056;1260,1182;1254,1298;1350,913;1373,1011;1360,1091;1332,1058;1317,1179;1299,1298","908,879;842,951;751,1025;719,1068;861,1133;937,1236;972,1358;958,936;957,1020;939,1025;911,1123;832,1235;789,1349"
222,1.85185,0,0,"1166,800,1406,1348","711,823,1089,1390","1276,852;1248,910;1215,985;1161,1025;1262,1055;1258,1181;1253,1298;1348,910;1372,1007;1360,1088;1330,1056;1317,1178;1300,1298","896,885;836,956;748,1029;712,1069;855,1135;913,1234;933,1357;945,942;945,1024;916,1026;902,1126;824,1233;790,1346"
223,1.8601916666666667,0,0,"1167,800,1405,1348","700,827,1075,1392","1275,852;1248,910;1215,985;1161,1024;1262,1056;1258,1183;1253,1300;1347,910;1372,1009;1362,1091;1330,1058;1316,1180;1300,1300","882,898;813,961;743,1025;704,1072;834,1133;916,1236;972,1340;946,958;959,1038;913,1025;903,1127;801,1229;774,1339"
224,1.8685333333333334,0,0,"1164,798,1404,1349","685,829,1054,1392","1273,851;1247,910;1214,985;1158,1023;1260,1055;1256,1181;1252,1298;1346,910;1372,1009;1363,1093;1330,1057;1319,1179;1303,1299","875,900;813,965;731,1031;702,1071;823,1143;876,1239;892,1352;925,952;927,1025;903,1015;875,1134;806,1244;779,1340"
225,1.876875,0,0,"1161,798,1401,1350","667,832,1028,1392","1270,851;1245,910;1212,985;1155,1023;1260,1055;1255,1181;1254,1299;1345,909;1372,1009;1365,1094;1330,1057;1319,1179;1304,1299","861,898;805,959;729,1024;693,1062;816,1135;860,1237;885,1354;911,947;915,1018;877,1011;867,1126;797,1238;786,1342"
226,1.8852166666666668,0,0,"1160,797,1399,1350","653,833,1006,1389","1268,850;1244,910;1213,986;1153,1021;1259,1055;1252,1180;1252,1299;1344,909;1374,1009;1364,1093;1331,1058;1320,1180;1307,1300","847,899;790,961;717,1031;678,1067;803,1139;849,1241;879,1356;901,950;907,1028;862,1021;857,1130;783,1239;776,1344"
227,1.8935583333333335,0,0,"1155,796,1396,1352","634,833,982,1390","1266,849;1243,910;1209,986;1148,1021;1260,1057;1252,1181;1250,1301;1343,909;1373,1010;1363,1094;1331,1060;1317,1181;1301,1302","838,898;782,958;711,1030;658,1054;800,1136;820,1242;850,1366;893,946;898,1017;824,1007;853,1126;783,1240;800,1351"
228,1.9019,0,0,"1150,799,1392,1352","628,831,970,1390","1265,856;1245,916;1213,993;1142,1019;1265,1063;1245,1182;1240,1301;1339,911;1367,1001;1354,1083;1334,1064;1323,1189;1310,1304","820,902;750,961;690,1022;643,1057;774,1139;822,1241;878,1346;895,963;911,1035;848,1011;853,1134;754,1241;783,1337"
229,1.9102416666666666,0,0,"1150,798,1392,1351","626,834,962,1391","1264,851;1243,912;1205,987;1153,1018;1262,1061;1250,1184;1243,1306;1339,910;1372,1011;1364,1086;1329,1062;1319,1187;1309,1306","808,909;747,969;703,1033;650,1051;778,1131;806,1229;867,1354;867,958;884,1028;819,1024;842,1122;760,1236;806,1344"
230,1.9185833333333333,0,0,"1142,798,1386,1352","623,835,953,1392","1260,851;1240,912;1202,988;1148,1017;1260,1059;1246,1180;1238,1304;1337,909;1371,1010;1364,1086;1328,1060;1322,1182;1315,1304","808,911;736,965;689,1034;643,1059;762,1138;798,1243;860,1359;875,965;892,1039;821,1022;837,1131;746,1241;791,1346"
231,1.926925,0,0,"1139,801,1386,1353","624,835,948,1391","1258,850;1237,911;1199,988;1144,1017;1258,1059;1245,1179;1239,1304;1336,908;1371,1010;1365,1086;1327,1060;1320,1182;1312,1304","793,909;724,963;683,1030;638,1054;751,1135;791,1244;866,1356;859,964;879,1034;812,1018;827,1129;734,1245;791,1346"
232,1.9352666666666667,0,0,"1136,798,1388,1353","625,834,944,1390","1258,853;1238,916;1199,989;1145,1022;1259,1064;1240,1178;1232,1302;1333,910;1368,1004;1356,1080;1326,1062;1320,1186;1310,1307","779,909;722,962;688,1039;640,1062;742,1130;773,1240;859,1352;843,964;867,1041;795,1049;817,1125;735,1247;799,1346"
233,1.9436083333333334,0,0,"1133,798,1386,1353","621,835,936,1389","1254,853;1236,916;1196,990;1141,1021;1257,1064;1239,1178;1234,1303;1331,910;1367,1004;1353,1082;1326,1062;1319,1186;1310,1308","786,905;719,960;688,1036;634,1051;739,1124;767,1237;841,1352;843,960;858,1041;783,1054;811,1122;735,1243;793,1349"
234,1.95195,0,0,"1128,795,1386,1353","616,834,929,1391","1245,852;1228,915;1191,988;1123,1012;1254,1062;1241,1176;1242,1300;1327,911;1366,1008;1360,1083;1327,1064;1313,1180;1299,1301","774,905;708,958;681,1029;627,1044;732,1121;758,1235;833,1349;834,959;853,1037;790,1049;805,1119;731,1242;787,1347"
235,1.9602916666666668,0,0,"1116,793,1380,1353","606,832,915,1393","1240,857;1225,920;1185,990;1112,1008;1255,1065;1237,1175;1241,1300;1323,914;1366,1005;1356,1073;1329,1066;1314,1181;1302,1301","765,900;707,953;673,1032;613,1059;723,1115;743,1239;807,1352;828,957;846,1051;779,1102;797,1115;731,1243;778,1351"
236,1.9686333333333335,0,0,"1108,793,1377,1353","593,828,900,1390","1237,858;1223,921;1177,990;1103,1007;1255,1063;1238,1172;1241,1299;1321,914;1362,1004;1352,1074;1329,1064;1315,1178;1303,1299","748,902;685,958;660,1034;601,1052;711,1124;718,1237;783,1351;813,957;838,1042;774,1068;783,1121;715,1248;771,1347"
237,1.976975,0,0,"1101,794,1375,1354","576,826,883,1390","1236,861;1224,923;1171,989;1097,1006;1259,1064;1239,1174;1237,1304;1317,915;1358,1000;1348,1070;1328,1064;1317,1180;1308,1303","737,907;676,961;650,1029;592,1044;701,1126;708,1238;766,1350;801,960;823,1038;764,1056;771,1122;711,1246;772,1346"
238,1.9853166666666666,0,0,"1097,792,1378,1354","566,825,873,1390","1234,862;1222,924;1164,989;1087,1004;1260,1065;1239,1174;1238,1304;1315,915;1355,998;1341,1065;1329,1064;1315,1179;1309,1303","730,901;669,956;647,1020;587,1032;694,1122;698,1235;758,1347;791,955;814,1031;746,1042;761,1119;698,1244;766,1343"
239,1.9936583333333333,0,0,"1091,792,1378,1355","557,824,862,1384","1230,862;1218,924;1160,987;1083,1005;1259,1066;1241,1176;1242,1305;1314,916;1358,999;1354,1068;1330,1065;1319,1182;1311,1305","718,898;662,954;639,1020;580,1034;685,1121;696,1237;763,1353;780,953;804,1031;743,1052;755,1117;694,1246;763,1350"
240,2.0020000000000002,0,0,"1086,795,1377,1355","551,823,854,1382","1228,864;1219,923;1150,985;1078,1004;1269,1063;1253,1179;1251,1314;1310,912;1351,990;1351,1049;1331,1059;1314,1179;1308,1312","694,896;639,952;634,1013;572,1021;669,1119;671,1232;752,1350;766,951;801,1025;741,1036;746,1116;681,1246;768,1348"
241,2.0103416666666667,0,0,"1079,797,1376,1357","544,823,846,1381","1223,863;1212,923;1143,984;1065,1000;1267,1064;1252,1176;1256,1310;1306,911;1352,986;1346,1036;1332,1060;1312,1176;1304,1311","686,907;608,953;589,1004;555,1035;647,1126;681,1241;772,1349;757,960;791,1020;763,1012;730,1120;651,1251;749,1343"
242,2.018683333333333,0,0,"1073,800,1375,1357","535,818,838,1378","1221,864;1209,922;1140,979;1066,1000;1270,1063;1258,1174;1258,1307;1305,910;1355,981;1369,1028;1334,1058;1315,1175;1302,1307","678,891;616,954;618,1025;562,1030;646,1125;646,1221;729,1345;749,947;783,1019;724,1017;725,1119;664,1246;769,1340"
243,2.027025,0,0,"1067,797,1379,1359","530,813,834,1376","1224,871;1214,926;1140,975;1068,995;1281,1064;1261,1171;1252,1309;1304,912;1347,969;1368,1019;1337,1056;1325,1175;1317,1305","669,886;616,949;615,1030;547,1028;639,1123;618,1220;686,1342;734,945;767,1027;677,1030;714,1120;650,1245;756,1336"
244,2.0353666666666665,1,0,"1063,800,1379,1358","524,811,830,1376","1213,873;1201,927;1114,973;1036,994;1279,1065;1258,1177;1250,1315;1300,911;1350,967;1376,1009;1337,1057;1317,1178;1309,1310","653,878;612,940;616,1028;540,1032;633,1114;597,1216;661,1338;720,938;758,1029;653,1049;707,1112;642,1239;761,1332"
245,2.0437083333333335,1,0,"1056,801,1378,1357","510,809,819,1377","1212,872;1201,926;1125,970;1054,995;1274,1065;1263,1176;1258,1304;1294,913;1349,972;1381,1009;1333,1057;1312,1177;1297,1304","645,883;603,942;608,1023;538,1031;622,1114;577,1218;623,1339;707,939;741,1019;643,1033;692,1110;642,1239;768,1334"
246,2.05205,1,0,"1048,796,1380,1356","495,804,809,1379","1215,874;1205,927;1123,971;1050,996;1281,1065;1263,1177;1253,1311;1300,911;1350,967;1385,1009;1337,1057;1319,1179;1309,1307","633,865;594,929;599,1023;529,1041;604,1104;555,1221;600,1347;695,926;726,1020;626,1069;674,1102;644,1239;762,1345"
247,2.060391666666667,1,0,"1042,795,1381,1356","478,802,796,1378","1214,877;1203,928;1116,967;1042,995;1283,1065;1266,1177;1251,1310;1297,912;1347,964;1384,1005;1336,1055;1317,1177;1308,1305","635,865;599,925;596,1017;537,1038;605,1107;562,1226;591,1342;683,930;705,1021;621,1057;661,1108;635,1239;752,1336"
248,2.0687333333333333,1,0,"1039,795,1383,1355","460,807,782,1384","1206,878;1200,929;1112,968;1036,995;1287,1066;1267,1176;1253,1311;1290,912;1345,961;1383,999;1338,1056;1316,1177;1307,1306","608,876;575,925;592,1000;536,1024;594,1099;529,1224;547,1353;658,932;685,991;616,999;650,1095;632,1239;762,1348"
249,2.0770750000000002,1,0,"1035,798,1383,1355","441,808,771,1390","1204,878;1198,929;1113,968;1038,994;1286,1064;1266,1172;1257,1309;1289,911;1343,958;1385,993;1337,1054;1317,1174;1311,1304","612,885;581,929;589,997;527,1027;588,1100;515,1227;507,1355;653,937;666,996;573,1000;632,1096;614,1232;750,1345"
250,2.0854166666666667,1,0,"1030,799,1383,1355","429,808,764,1392","1199,883;1196,933;1107,970;1030,998;1289,1065;1268,1172;1259,1308;1286,914;1342,957;1386,994;1339,1053;1319,1172;1314,1302","605,881;571,929;578,1000;522,1036;575,1100;504,1221;488,1347;643,936;656,998;576,1009;619,1096;611,1231;748,1336"
251,2.093758333333333,1,0,"1028,801,1386,1356","412,806,754,1389","1197,883;1193,933;1103,971;1026,1003;1289,1065;1270,1172;1259,1309;1285,913;1343,957;1392,998;1339,1053;1319,1173;1312,1303","588,882;563,927;576,996;525,1033;567,1092;498,1220;481,1357;617,926;630,988;545,1001;600,1082;589,1226;716,1353"
252,2.1021,1,0,"1026,801,1389,1356","397,805,746,1391","1196,883;1192,934;1105,973;1028,1002;1286,1068;1268,1175;1260,1311;1285,915;1344,960;1394,998;1338,1057;1318,1177;1310,1306","582,870;564,921;569,1005;509,1052;562,1090;495,1224;482,1359;609,919;612,996;495,1033;590,1083;563,1228;683,1356"
253,2.1104416666666665,1,0,"1023,798,1392,1356","378,804,738,1395","1195,885;1193,935;1104,974;1026,1004;1288,1069;1269,1174;1259,1309;1283,916;1343,962;1393,1001;1339,1057;1317,1175;1307,1305","567,867;552,920;555,1005;495,1052;553,1092;490,1226;479,1361;592,917;596,997;483,1033;577,1085;543,1232;661,1358"
254,2.1187833333333335,1,0,"1022,797,1394,1356","364,802,732,1397","1195,885;1194,937;1105,978;1025,1009;1287,1069;1268,1174;1259,1308;1284,918;1345,967;1396,1012;1341,1059;1322,1176;1311,1305","549,869;541,924;541,1016;478,1062;545,1099;501,1234;512,1364;575,919;580,1002;458,1034;569,1092;511,1238;606,1362"
255,2.127125,1,0,"1021,801,1395,1356","347,801,720,1390","1192,884;1190,936;1102,978;1023,1007;1287,1069;1266,1174;1259,1311;1282,915;1343,962;1394,1000;1340,1058;1318,1176;1307,1306","554,874;549,923;551,1020;482,1062;545,1099;505,1238;527,1360;575,923;571,1008;441,1038;564,1094;501,1236;583,1355"
256,2.135466666666667,1,0,"1021,800,1398,1356","326,801,709,1396","1192,883;1191,936;1104,981;1023,1010;1287,1072;1266,1176;1257,1312;1284,916;1346,965;1398,1006;1342,1061;1322,1179;1309,1307","552,882;537,927;537,1014;476,1062;530,1101;483,1239;481,1357;569,930;561,1009;440,1033;548,1096;494,1235;582,1352"
257,2.1438083333333333,1,0,"1020,802,1399,1356","305,802,698,1404","1194,878;1190,935;1106,986;1026,1016;1278,1074;1262,1177;1255,1312;1288,917;1350,978;1407,1030;1339,1065;1324,1184;1309,1309","536,885;522,928;518,1021;472,1074;517,1100;507,1241;533,1363;546,929;542,1010;438,1038;534,1092;457,1236;507,1357"
